country,gdp_per_capita,urbanization_rate,industry_share,agriculture_share,secondary_gross_enrollment_rate,tertiary_gross_enrollment_rate,population_growth,youth_dependency_ratio,internet_penetration,electricity_access,inflation_rate,trade_percent_gdp,fdi_inflow,credit_to_private_sector,remittances_percent_gdp,govt_consumption_percent_gdp,gross_savings_percent_gdp,services_share,adult_literacy_rate,life_expectancy_at_birth,fertility_rate,primary_gross_enrollment_rate,age_dependency_ratio,old_age_dependency_ratio,fixed_broadband_subscriptions_per_100,mobile_cellular_subscriptions_per_100,real_interest_rate,export_volume_index,external_debt_percent_gni,govt_expenditure_on_education_percent_gdp,tax_revenue_percent_gdp,fiscal_balance_percent_gdp,broad_money_percent_gdp,gross_capital_formation_percent_gdp,electricity_consumption_kwh_per_capita,renewable_energy_consumption_percent,fossil_fuel_energy_consumption_percent,international_tourism_receipts_usd,international_tourism_receipts_percent,trade_in_services_percent_gdp,year
Bangladesh,1804.3493461776,39.711,33.9200804971876,11.2176010351595,71.8219832597133,22.8396492004395,1.02423384746683,44.1972491390154,41.6,99.4,7.69695437176898,33.7799672705735,0.347960024671858,38.9555684288032,4.67376498937248,5.69899955596024,33.9494644149112,51.0380826788136,60.51090672810872,74.265,2.179,117.659457498739,53.6222137721463,9.42496463313091,7.1702,105.2642491,1.9724805729144,40.46847888864048,20.281806187216,1.71183669567108,7.596869860825879,-1.3950463597819212,54.117700850947,32.047275580905,602.674747324137,48.66875,83.13,163843750.0,0.6182038787193795,4.28940703111851,2022
Bangladesh,1702.08028414189,38.946,33.3160943869001,11.6328584271282,70.2933328560227,23.40016746521,0.814977993693211,44.763273732564,38.9,99.0,5.54565430773473,27.7240047036631,0.414118154040596,39.0820163295701,5.33437804101106,5.88274868783073,36.051174233546,51.3015069352743,76.0,71.103,2.173,115.448180712787,53.9605921368888,9.19731840432484,6.64247,108.9094426,3.07621573507077,128.0890522649,20.8766117836117,1.83117997646332,7.64236301017901,-2.82210670527631,56.6372785923275,31.0187387357172,574.118203146015,25.0,82.5,163843750.0,0.6182038787193795,4.4059072846168,2021
Bangladesh,1604.6659234742,38.177,32.9115650824449,11.9996868602485,69.0135708627668,22.538854598999,0.836310836229073,45.0779125887151,36.1,96.2,5.69107474746211,26.271447376215,0.407859894856918,39.161059242521,5.81626795895571,5.97120729189186,37.1888662137067,51.5113093348259,75.0,71.421,2.175,118.429237365723,54.0679893713504,8.99007678263529,6.04506,105.2911628,4.2891862514626,98.3093268552,18.8853836099419,1.76528060436249,7.00153674405437,-3.94714517667321,57.7630649896826,31.3079413414304,509.945926958218,27.2,81.15,217899993.896484,0.566327447584205,3.7292010736253,2020
Bangladesh,1564.20802445636,37.405,32.8525491977868,11.9753231358984,67.2209189141778,22.8052139282227,0.84641125179804,45.4449279247387,30.4,92.2,5.59199639930629,31.5780544912404,0.543244141585066,39.0344709350066,5.22841813674278,6.2381894055709,36.3536024154867,50.8492887427224,75.0,72.625,2.18,81.39587211830789,54.1751879343991,8.73026000966038,4.90289,100.0336994,5.68956371493223,121.2582164624,17.0856511809436,1.68138802051544,7.63863895493657,-3.92879733231891,54.8702535060565,32.2137331126266,515.10173042395,26.1,80.91,391000000.0,0.869641802916597,4.49034960010732,2019
Bangladesh,1462.25050255713,36.632,31.9828135899766,12.4800771856196,67.4213697322793,19.70263671875,0.820955197842845,45.9039652143335,25.6,86.9,5.54362139486476,32.5146317240884,0.753549134128693,40.0247365906979,4.84382269321267,5.95916693091491,35.4590395013776,50.890160724185,74.0,72.122,2.193,112.427695363555,54.3273751721014,8.42340995776793,4.92462,98.83168698,3.63430365848223,121.5330430683,17.0924802738604,1.65589129924774,7.73177216647423,-3.5361798688043,54.8325562875275,31.8225747704431,471.126089137386,27.0,79.7,357000000.0,0.809009437610101,4.68794343201883,2018
Bangladesh,1373.75363740186,35.858,31.2482919641603,12.9572760433733,64.8559520731683,18.5305080413818,0.850917315689336,46.5111017109243,21.5,88.0,5.70207015717239,29.9997306724343,0.616341784631384,40.4489561448676,4.59667741438378,6.02233215987973,35.2852031466044,51.383900544644,73.0,71.606,2.205,109.125360305532,54.6436395397794,8.13253782885509,4.50131,93.29458051,4.27653989369391,111.5025333655,16.8057450414319,1.85040032863617,6.99714263243688,-2.93968284398895,55.8375416123996,30.9468731155675,443.212945924414,28.1,79.41,348000000.0,0.888425160359535,4.21063932796316,2017
Bangladesh,1299.83091360792,35.083,31.0691513830358,13.4647923176039,66.9232483057473,17.4021797180176,0.892432416039535,47.4910453309036,18.1,75.9,5.51352572692995,31.3341501346142,0.879528340272002,37.7986426672318,5.1180358843144,5.86529831496558,37.280299201621,51.2078039865767,73.0,71.075,2.227,81.39587211830789,55.3718768318608,7.88083150095721,4.09944,85.10324101,-13.6421356407858,107.8139399676,14.9717904789002,2.22119998931885,7.31691184755758,-1.22173341431013,54.9691444990129,30.2397639179985,412.780315331328,30.2,78.77,214300003.051758,0.568998349622867,4.27660866206061,2016
Bangladesh,1224.38647668165,34.308,26.8313948329541,14.7829964369364,62.0312309265137,15.5907163619995,0.89381937776758,48.7871588228788,12.9,74.0,6.19428022984984,42.0859963070382,1.45078245529361,44.4069718062837,7.83797175617291,5.40424038147983,36.7309559824005,53.7138319423318,65.0,70.543,2.227,81.39587211830789,56.4576539922494,7.67049516937057,3.06992,83.23875309,5.51264431590569,100.0,18.6247057162,1.87225413322449,8.49834882820801,-1.33807311151329,64.5065520747659,28.886689247008,348.932681283763,33.1,76.86,150300003.051758,0.429806120691127,5.61254778537554,2015
Bangladesh,1159.40753475981,33.535,26.3110467833576,15.3516208986344,42.12493005914171,13.6534414291382,0.911167733810249,50.1383177320147,11.9,62.4,6.99163889220849,44.5140801968096,1.46870305074204,43.7361238704853,8.66899486049041,5.33752075651661,37.7792321968568,53.6357543166708,61.0,70.016,2.228,81.39587211830789,57.6363999788042,7.49808224678947,1.95814,81.34459807,6.88586627746747,92.1948832327,19.1269964203113,2.09871673583984,8.6353777373447,-0.769287559545676,63.3375540979273,28.5778757115563,326.502853047843,35.4,75.34,154000000.0,0.465858683713146,6.30642694754919,2014
Bangladesh,1103.15695907123,32.762,26.3070701636507,15.4932779975908,57.9590161381221,13.6510944366455,0.938408350120779,51.5075134925378,6.63,61.5,7.53040640913172,46.2964027228174,1.73532012481503,41.7947548053392,9.24470026765418,5.11613164192944,39.745387710533,53.3901814188466,61.0,69.487,2.247,81.39587211830789,58.8576060722821,7.35009257974433,0.974448,75.66900657,5.98869390231371,87.423106264,20.0259278722599,1.96616005897522,8.96241331541821,0.0690736503730761,61.399914294208,28.3896207536466,296.341695089956,37.0,74.91,131000000.0,0.414095692456031,6.37660053473414,2013
Bangladesh,1050.39140404066,31.993,25.3099593902625,16.1775631732753,53.6534004211426,13.667537689209,0.958355912717609,52.8555590168163,5.0,65.5,6.21750422069284,48.1109227490467,1.18850391920184,43.0006693750914,10.5915144036117,5.03934251857421,40.5995794494189,53.1515772385279,58.0,68.989,2.263,81.39587211830789,60.0398362395264,7.18427722271008,0.387219,63.89610407,5.3433326587313,73.209091247,20.1641903015642,2.04667067527771,9.02456269019499,-0.1373990191993,60.7424608294873,28.2623350097187,276.694215863057,37.3,73.35,105000000.0,0.380558123033202,6.1998911230736,2012
Bangladesh,995.579947155662,31.225,25.0452996007551,16.8099867573503,51.5034958279718,13.5724172592163,0.908525895582217,54.1002241468439,4.5,59.6,11.3951651552399,47.4208498356898,0.983399364184761,42.4702411629772,9.38598047897987,5.0974466876342,38.059489785547,53.045792114203,59.0,68.499,2.309,81.39587211830789,61.0979549461299,6.9977307992859,0.305031,56.1667898,5.06419768574575,72.6753852643,19.4870042621521,2.13269996643066,8.68592470557816,-0.822744381919415,59.8117683130297,27.4209733686034,258.882228287795,38.4,72.03,97000000.0,0.359391213996615,6.00557786935067,2011
Bangladesh,943.66422864236,30.462,24.9564767264585,17.0011812592919,51.1863395008042,8.588340140524366,0.876530534249878,55.1510085037134,3.7,55.3,8.12667639169917,37.8028426708321,1.06896766308322,40.9613226292342,9.41241447446753,5.07532583559895,38.7817739319855,53.4982962820487,60.51090672810872,68.009,2.38,99.7353480605127,61.9686828582303,6.81767435451691,0.272381,45.77354649,4.73612356896119,62.3878613812,21.3233746649766,1.7326391206847298,7.83468474946733,-0.813674182832758,58.7459016095395,26.2466561760577,239.944314522424,40.3,71.15,103000000.0,0.475652503421882,5.92860360165761,2010
Bangladesh,901.729626251937,29.709,25.2955721814431,17.1046290519632,49.7341003417969,10.8163499832153,0.931892491457971,56.0481382109918,3.1,57.1,5.42347236174679,40.092796223023,0.879517142536145,36.1910375652522,10.2665399023147,5.09374516609514,38.97639391672,53.3233235281853,60.51090672810872,67.527,2.484,97.6258010864258,62.7031938906288,6.65505567963701,0.20991,35.00813289,6.14653833234923,50.3986045245,22.9455982553559,1.9394199848175,7.49811626276927,-1.44315774648766,54.8817155926531,26.2060570157536,218.83202265439,43.1,69.88,77000000.0,0.451680313857429,5.26056268475042,2009
Bangladesh,866.45815762135,28.968,24.7270013036793,17.5956955421992,45.9643898010254,8.84245014190674,0.9984405660693,56.829838812042,2.5,54.3,8.90194489465154,42.6209140325589,1.44965791615761,34.0421917464818,9.75655233462346,5.17827687820651,37.3818777967604,52.932121684056,60.51090672810872,67.047,2.577,95.1065979003906,63.3356883947747,6.50584958273277,0.0334506,30.69701239,4.66174256991608,52.3546094893,23.6567567728032,2.0545699596405,7.65602988282474,-0.829757737693226,51.1876270713566,26.2022714003991,200.690066619094,45.2,68.29,163843750.0,0.6182038787193795,6.49671240098256,2008
Bangladesh,825.508229964537,28.237,24.5005410079343,17.8065367823955,47.9007186889648,7.86712980270386,1.07564253185597,57.5403800304711,1.8,46.5,9.10698496905383,39.9423826531735,0.817756922700044,32.0428330535648,8.24291009689063,5.35945621469055,36.3174625843949,52.8840217973928,46.6636009216309,66.458,2.666,98.1889877319336,63.9122837398699,6.3719037093988,0.0295359,23.84554569,5.7891114361705,43.9884156208,25.4056316582734,2.20221996307373,6.91726266856821,-1.14512894423187,50.2819117580457,26.1784970672047,198.744127936079,47.2,67.11,163843750.0,0.6182038787193795,6.3257434858051,2007
Bangladesh,779.419570444998,27.517,24.0953205119221,18.0340165108542,47.0837898254395,7.24171018600464,1.16116775095831,58.2692078165913,1.0,50.5,6.76526117054757,38.1119244325921,0.635863899506714,31.1657016961389,7.55966261801311,5.44007855680545,35.341190936004,52.7445971888149,60.51090672810872,66.048,2.755,99.9751205444336,64.524039740509,6.25483192391766,2.84537659375,13.41312473,5.46699380857848,42.3224155639,26.5815575749539,2.13128995895386,7.04330405780911,-1.2407973930308,50.4759985553139,26.1441457474299,189.596089771556,48.6,65.94,163843750.0,0.6182038787193795,5.83865016116516,2006
Bangladesh,739.203718353409,26.809,23.2998442190711,18.5710395455964,46.6028785705566,6.29582977294922,1.2606651625389,59.0378267163075,0.242,44.2,7.04661816222039,34.396934864465,1.17065167448603,29.3438304968623,6.21006213483216,5.18022516467283,32.3594072568242,52.8799568974096,60.51090672810872,65.509,2.846,99.953498840332,65.1910648619481,6.15323814564069,2.84537659375,6.386938172,5.76426911966502,33.2869760568,25.5020847255283,1.7326391206847298,7.13567003946154,-0.970706746206338,47.4210681471904,25.8304355145863,169.186794867009,50.6,64.04,82000000.0,0.777142605494865,5.55794329275611,2005
Bangladesh,702.656357081873,26.114,22.7797200060528,19.2669595662859,47.8641395568848,5.72883987426758,1.36154790691024,59.8090920870314,0.199,40.6,7.5875363850469,26.8582341492431,0.689472335587341,27.9134032883374,5.50437314918371,5.17438311061483,31.5774006681766,52.8058618188649,60.51090672810872,64.912,2.94,81.39587211830789,65.873127608104,6.06403552107259,2.84537659375,2.004154126,5.58235561080853,30.030075402,29.0231053050116,1.94014000892639,7.04644841818552,-0.631122062959504,45.6229943594212,24.9918339447004,158.478288215597,52.0,62.76,76000000.0,0.833568741419301,4.74690241203543,2004
Bangladesh,676.826252046427,25.429,22.4741487860882,19.8127182977042,51.257080078125,6.19688987731934,1.45530530506763,60.5290981442221,0.164,40.5,5.66870773441476,27.657884900158,0.445960783298092,26.0386276764885,5.30538820275249,5.12829861719188,30.164596698861,52.4004924204798,60.51090672810872,64.288,3.029,81.39587211830789,66.5127410987043,5.98364295448218,2.84537659375,0.999976513,5.88445428042499,25.6064518438,29.4649511156153,2.06939005851746,6.96521390375867,-0.104760791937993,43.9885771769768,24.6791888612834,123.721051102441,52.6,62.48,59000000.0,0.744172998256424,4.70573002956055,2003
Bangladesh,655.672139362272,24.756,22.8392543728467,20.5841344226366,51.418098449707,6.13536977767944,1.54340635736975,61.2294160464584,0.14,37.8,3.33256493271913,28.9673807211649,0.0955793676464671,26.2081249737496,5.22266923917607,5.02264856478482,30.7491764310818,51.5724174972413,60.51090672810872,63.591,3.126,81.39587211830789,67.1451832030454,5.91576715658698,2.84537659375,0.80140256,8.38969935744544,22.577702454,29.3237754107195,2.01714992523193,6.69138419067813,-0.151864704257727,42.740177242997,24.3414161366729,117.271798889798,54.4,61.25,59000000.0,0.856932865076745,4.21400074091718,2002
Bangladesh,641.288922876274,24.096,22.5838118742213,21.8483405815259,50.3141403198242,6.42439985275269,1.66689324749509,61.9618997157749,0.13,35.0,2.0071737421384,32.0980170730117,0.145443904569924,24.179592705355,3.89794627098135,4.84565983723317,28.4222904329444,50.5801185568603,47.0,62.836,3.203,81.39587211830789,67.829792240324,5.86789252454913,2.84537659375,0.394925259,9.25695571842855,22.1507373142,26.9258696430478,2.17193007469177,6.61116027143823,-0.570927482606054,40.2671476674779,24.1743067306933,109.490963870613,55.9,61.28,163843750.0,0.6182038787193795,4.24418629496555,2001
Bangladesh,620.560472822105,23.59,22.2793826819325,22.7181480755923,48.7191314697266,5.46036005020142,1.82732806740512,63.0281199791971,0.071,32.0,2.20825620937535,29.3217143619038,0.525362089236089,21.7793890133235,3.68659677566545,4.97312138319291,27.7974576904575,50.566324299804,60.51090672810872,62.049,3.279,81.39587211830789,68.8735107703625,5.84539079116541,2.84537659375,0.215955426,8.99820323770434,22.9633302352,28.312285791779,2.12508010864258,7.596869860825879,-1.3950463597819212,30.5539892604712,23.8085625731369,99.2535514546941,60.2,57.93,163843750.0,0.6182038787193795,4.61593071489478,2000
Bangladesh,600.232323162952,23.202,22.3758655367007,22.6584111161909,46.9789085388184,5.47931003570557,1.89951780093278,64.4632173151821,0.0362,29.5402145385742,6.10669589841958,28.3879405571158,0.350304290993085,20.9872341323173,3.52403766089633,5.03961520253427,26.6599568153793,50.2007432591683,60.51090672810872,61.244,3.357,81.39587211830789,70.313705784649,5.85048846946689,2.84537659375,0.117549767,8.97864304812787,19.7573057295,31.1302505036908,2.13281989097595,7.596869860825879,-1.3950463597819212,27.8851595216238,22.7213703034657,92.0761347916193,60.5,57.65,163843750.0,0.6182038787193795,4.27488018465311,1999
Bangladesh,584.448175174047,22.818,22.6607423702209,22.5874157614312,43.6955299377441,8.588340140524366,1.88796139153147,65.9837356606054,0.00368,26.7461929321289,8.40223795613228,27.8800634028394,0.380236166897956,20.4966379485471,3.2125653790456,5.12567978040796,25.8340547261519,49.8336270363667,60.51090672810872,60.429,3.427,81.39587211830789,71.8615027523664,5.877767091761,2.84537659375,0.060313402,7.8256481093584,18.5918053801,30.16083573981,1.7326391206847298,7.596869860825879,-1.3950463597819212,26.2325061615944,22.1214128239602,84.0595893614998,60.2,56.93,163843750.0,0.6182038787193795,3.92877381011118,1998
Bangladesh,566.271140847632,22.438,21.8626700944451,23.2461437492233,42.12493005914171,8.588340140524366,1.85349089461291,67.6256350288621,0.000751,22.4,5.30560105668802,26.3255133900833,0.288896567530215,19.9866312756307,3.1641028158335,4.90298208959861,24.397478698652,49.9341757797937,60.51090672810872,59.671,3.502,81.39587211830789,73.5489308582297,5.92329582936759,2.84537659375,0.021304625,8.8533210419986,18.0907959808,28.7377820855822,1.95246994495392,7.596869860825879,-1.3950463597819212,25.9368786504287,21.8162145054057,79.112836217663,60.0,56.34,163843750.0,0.6182038787193795,4.09314727334578,1997
Bangladesh,552.077107138767,22.064,21.6839165728619,23.266208049769,42.12493005914171,8.588340140524366,1.82805195849607,69.413361751118,9.859875222222222,21.1443862915039,2.37712902953223,26.0760877233809,0.0291349551912921,18.9119975738864,2.89557515603607,4.72749921814699,23.1387940832004,50.1242014306067,60.51090672810872,58.94,3.505,81.39587211830789,75.3994031467334,5.98604139561545,2.84537659375,0.003336757,-5.16455193045819,16.7821393167,31.8346085535008,1.7326391206847298,7.596869860825879,-1.3950463597819212,25.6338800863882,20.7299506037379,77.2051238990471,62.1,55.89,163843750.0,0.6182038787193795,3.8615153519071,1996
Bangladesh,537.931946643983,21.693,23.5808244521571,27.3043698025967,42.12493005914171,8.588340140524366,1.85825551797916,71.2558695025262,9.859875222222222,18.3380451202393,10.2978117947206,28.2094960764218,0.00499837818821928,20.8817607372616,3.16729631986545,4.62988612520877,22.1461544905179,45.1285007128911,60.51090672810872,58.244,3.588,81.39587211830789,77.3180471753385,6.06217767281237,2.84537659375,0.002122361,5.45528455877529,14.8038667853,40.2456434408221,1.7326391206847298,7.596869860825879,-1.3950463597819212,28.827915737296,19.1197958221399,73.4908059412871,63.8,54.1,163843750.0,0.6182038787193795,5.87618267417312,1995
Bangladesh,521.323144726555,21.328,23.4699924276778,26.7255375508155,42.12493005914171,8.588340140524366,1.85417955110796,73.0329586551046,9.859875222222222,17.8,5.31374007936498,22.8658645545703,0.033012230974896,16.2711918310691,3.40813403881952,4.88315945317799,22.4171600592845,46.2837782535776,60.51090672810872,57.64,3.737,81.39587211830789,79.1811023453225,6.1481436902179,2.84537659375,0.000954894,9.12576468789762,11.9350344039,44.4817833582431,1.7326391206847298,7.596869860825879,-1.3950463597819212,28.9521640750639,18.402556188374,66.5845797542044,69.0,50.26,163843750.0,0.6182038787193795,4.7820386480821,1994
Bangladesh,511.193509421294,20.966,22.9342560517422,27.3210858173117,42.12493005914171,8.588340140524366,1.86277225280699,74.7303609580557,9.859875222222222,12.7178802490234,3.01481859989799,23.1215830698982,0.0423616549795559,15.2943169244381,3.03732522639564,4.95383869591304,20.901202135505,46.0446640620564,60.51090672810872,57.073,3.832,81.39587211830789,80.9683342071102,6.2379732490545,2.84537659375,0.000440844,13.7409692658164,9.9687258364,41.4603414935952,1.69262003898621,7.596869860825879,-1.3950463597819212,26.2049500333029,17.9468320109013,62.7601107774364,70.5,48.83,163843750.0,0.6182038787193795,4.40676050396341,1993
Bangladesh,497.371173735323,20.61,21.71789053342,30.5175252361271,42.12493005914171,8.588340140524366,1.8848730627462,76.3382387833043,9.859875222222222,9.90541934967041,3.63407691798491,19.9340055024511,0.0117375764038405,14.5455434030437,2.87540936210898,4.45122187024089,21.9940038300746,44.3837968399425,60.51090672810872,56.592,4.027,81.39587211830789,82.6662303344695,6.32799155116521,2.84537659375,0.000224674,11.0503571312982,8.9619867922,41.343960770498,1.63177001476288,7.596869860825879,-1.3950463597819212,24.8676501147129,17.3050292766937,56.2559438289877,71.6,46.74,163843750.0,0.6182038787193795,4.01189827121794,1992
Bangladesh,480.673358976087,20.257,21.1195045357667,31.6770232352381,42.12493005914171,8.588340140524366,1.91061096227259,77.9021033100956,9.859875222222222,14.29,6.35736412278234,18.8898268850747,0.00449146424413688,15.9199092838791,2.48523337346491,4.13633163394744,22.5604059246532,44.3573351255736,35.0,53.781,4.261,81.39587211830789,84.324547486233,6.42244417613743,2.84537659375,0.0,11.7189873524357,7.1298567546,41.1077239040266,1.42566001415253,7.596869860825879,-1.3950463597819212,24.0087114615132,16.8959474633294,46.7891314472187,73.1,44.72,163843750.0,0.6182038787193795,3.63830550997608,1991
Bangladesh,473.444821021085,19.811,20.1456258361335,30.4898330963098,20.4544296264648,4.32926988601685,1.9903336888239,79.4157675632042,0.0,50.852566827535625,6.12671846981458,18.9665020125385,0.0102498457488284,16.0740991530445,2.46489398309466,4.05325016763114,23.0244118634705,46.7006908434731,60.51090672810872,55.822,4.506,78.3366394042969,85.9247940838611,6.50902652065697,2.84537659375,0.0,7.8032155756163,7.4044194338,38.132901218472,1.51911997795105,7.596869860825879,-1.3950463597819212,22.4466391322843,16.4586755151535,46.0076053904037,71.7,45.58,163843750.0,0.6182038787193795,3.45593914293969,1990
Bangladesh,457.254334777705,19.33,19.7867069022062,30.5616428363458,19.8626194000244,3.82814002037048,2.04742252381831,80.8346055296359,9.859875222222222,50.852566827535625,6.04547975596244,18.3251740190693,0.000861339473035719,15.9700311616172,2.63354545837677,4.15394423380197,22.3461680145497,47.1813425526549,60.51090672810872,55.514,4.695,75.5209579467773,87.4129537467084,6.57834821707246,2.84537659375,0.0,6.00688829655354,5.7808733044,36.3751567848296,1.7326391206847298,7.596869860825879,-1.3950463597819212,22.878190439802,16.1209144348967,228.66256251911892,48.66875,65.6730303030303,163843750.0,0.6182038787193795,3.68577927255397,1989
Bangladesh,453.839236883479,18.859,19.9362085702399,31.3191777996177,19.9463500976562,3.9222400188446,2.12729956278453,82.2234904167282,9.859875222222222,50.852566827535625,7.41276595744666,17.6780643099612,0.00691614475605439,14.4149337063544,2.87302747133692,4.16537536251982,22.1958958405226,46.3886719227268,60.51090672810872,55.174,4.849,75.9248962402344,88.8599251003886,6.63643468366044,2.84537659375,0.0,6.83736162270725,5.7193374189,37.800824965731,1.7326391206847298,7.596869860825879,-1.3950463597819212,21.484808836741,15.7359830693445,228.66256251911892,48.66875,65.6730303030303,163843750.0,0.6182038787193795,3.3513699494458,1988
Bangladesh,452.659756923731,18.395,19.6008172704812,32.6639009291872,19.9799995422363,4.60726976394653,2.23879919175218,83.5632269286308,9.859875222222222,50.852566827535625,9.87469609126633,16.6877976312963,0.0131907256034205,13.2145308461192,3.07765209527122,4.14317368059806,22.6253771914959,45.4917707766061,60.51090672810872,54.899,5.075,64.6438293457031,90.2459848600441,6.68275793141332,2.84537659375,0.0,3.35321767891823,5.0384700504,39.1603036422247,1.51364004611969,7.596869860825879,-1.3950463597819212,20.8107917938397,15.4734420283602,228.66256251911892,48.66875,65.6730303030303,163843750.0,0.6182038787193795,3.05427605834592,1987
Bangladesh,446.08025306417,17.941,20.3790141468201,32.3691528885324,19.5953998565674,5.3514199256897,2.34793582288977,84.6589551020289,9.859875222222222,50.852566827535625,6.279395130444133,17.0187425082782,0.0111899311751012,12.7433135187019,2.64665008029442,4.20118152968138,22.7760645678478,45.0844194859014,60.51090672810872,54.592,5.302,65.5274887084961,91.3721698738457,6.71321477181679,2.84537659375,0.0,4.37450569364977,4.3254673014,35.6444024869945,1.34349000453949,7.596869860825879,-1.3950463597819212,20.1979115796951,16.1764548292232,228.66256251911892,48.66875,65.6730303030303,163843750.0,0.6182038787193795,3.29772670281445,1986
Bangladesh,438.382478828439,17.496,20.3216634239062,33.0067315667626,20.1269092559814,5.48542022705078,2.4627628154011,85.418738460809,9.859875222222222,50.852566827535625,6.279395130444133,18.2221846249994,-0.0298943959229265,13.0395225459612,2.25541714853454,4.03063329644585,21.5202936429301,44.4174404934751,60.51090672810872,53.937,5.539,65.6518402099609,92.1455045426735,6.72676608186451,2.84537659375,0.0,-6.2119269152058,4.1675546657,28.8235021829114,1.27118003368378,7.596869860825879,-1.3950463597819212,19.5926033985971,15.8309437037216,228.66256251911892,48.66875,65.6730303030303,163843750.0,0.6182038787193795,3.21312806709666,1985
Bangladesh,434.782351604307,17.06,21.4305495950497,34.6986320797597,20.7985191345215,5.34712982177734,2.5678961557477,85.9715698407445,9.859875222222222,50.852566827535625,6.279395130444133,16.8117271749034,-0.00292412703814179,12.5546223106374,2.64653898029897,4.34462740554859,16.2948905366178,41.6474498066682,60.51090672810872,53.826,5.732,67.1345672607422,92.6993942974159,6.72782445667134,2.84537659375,0.0,3.02081321608222,4.6422744711,28.488341241829,1.22302997112274,7.596869860825879,-1.3950463597819212,21.104559839838,16.4842575699599,228.66256251911892,48.66875,65.6730303030303,163843750.0,0.6182038787193795,3.6229341488943,1984
Bangladesh,425.646571168568,16.631,20.8716248676477,31.0460304619363,20.7030200958252,4.85226011276245,2.67956773551459,86.3979898104574,9.859875222222222,50.852566827535625,6.279395130444133,20.3168806212371,0.0022941532029319,9.03444385753996,3.64817267991137,4.3091271083747,23.0995397210434,45.7825820082172,60.51090672810872,53.441,5.906,67.8751373291016,93.1155898082048,6.71759999774748,2.84537659375,0.0,2.43947329768085,3.7140673526,29.5000793798598,1.03267002105713,7.596869860825879,-1.3950463597819212,17.5057063846976,16.5627367701504,228.66256251911892,48.66875,65.6730303030303,163843750.0,0.6182038787193795,3.52650011928518,1983
Bangladesh,420.872004532951,16.212,20.04288227039,31.4416963304952,42.12493005914171,3.82046008110046,2.74311077918066,86.6808122835141,9.859875222222222,50.852566827535625,6.279395130444133,20.6069241937352,0.0375700405927019,7.15570951032865,2.84184798595121,4.43233517127319,23.5284822468067,46.1447752828964,60.51090672810872,53.012,6.118,66.5290222167969,93.3776849071035,6.6968726235894,2.84537659375,0.0,1.16377387984429,3.7823426126,26.2126014488343,1.01163995265961,7.596869860825879,-1.3950463597819212,14.0575732190524,17.3632790930077,228.66256251911892,48.66875,65.6730303030303,163843750.0,0.6182038787193795,3.55147616322069,1982
Bangladesh,423.537122867473,15.801,19.8059719535783,31.9515169185203,17.3242301940918,3.10770010948181,2.56483208942694,86.7365570813029,9.859875222222222,50.852566827535625,6.279395130444133,19.2471590909091,0.0264695357833656,6.77674685686654,1.88176746993774,4.39132011605416,21.1431820523845,45.6914352091393,29.0,52.638,6.237,65.315299987793,93.3943494726898,6.65779239138689,2.84537659375,0.0,1.12798479968249,3.6846431677,20.442718194955,1.07149994373322,7.596869860825879,-1.3950463597819212,14.0728965183752,17.1557664410058,228.66256251911892,48.66875,65.6730303030303,163843750.0,0.6182038787193795,3.3315102595982,1981
Bangladesh,405.226770259517,14.851,20.1166762234798,32.8238918515406,19.6155605316162,3.10870003700256,2.39314899487113,86.5998851828352,9.859875222222222,50.852566827535625,6.279395130444133,23.377231112235,0.0469179450068916,5.77134166972366,1.86716193243749,6.14104064791632,8.33293131362959,44.5556655922672,60.51090672810872,52.278,6.326,66.8204193115234,93.1831544484013,6.5832692655661,2.84537659375,0.0,-5.98813218230924,3.3193886872,20.9409089112837,0.937600016593933,7.596869860825879,-1.3950463597819212,14.1968893463496,14.4393912962956,228.66256251911892,48.66875,65.6730303030303,163843750.0,0.6182038787193795,3.81879255539333,1980
Bangladesh,411.669266520237,13.701,15.6864548108505,52.4520120556112,17.6225605010986,3.06245994567871,2.40897300494193,86.4345697979093,9.859875222222222,50.852566827535625,6.279395130444133,21.9070635430834,-0.0514600239396866,5.33944577287344,1.09947588420206,6.28376859918816,7.07628151550278,31.8615331335383,60.51090672810872,51.959,6.421,68.686408996582,92.9139846796321,6.47941488172274,2.84537659375,0.0,-2.09486764748523,40.46847888864048,19.098370779502,1.13092994689941,7.596869860825879,-1.3950463597819212,13.906028173072,11.2038721266497,228.66256251911892,48.66875,65.6730303030303,163843750.0,0.6182038787193795,3.24330939246581,1979
Bangladesh,402.385595931712,12.629,14.3097126896709,54.2503083024678,42.12493005914171,2.07190990447998,2.44031003262387,86.3542329528878,9.859875222222222,50.852566827535625,6.279395130444133,21.0385149611892,0.0579742131990397,4.53405314575359,0.869126601591419,4.87557087798912,5.70444354275005,31.4399790078613,60.51090672810872,51.596,6.509,70.4363479614258,92.7183786870837,6.36414573419595,2.84537659375,0.0,-12.269219666905,40.46847888864048,21.3026197551157,1.7326391206847298,7.596869860825879,-1.3950463597819212,13.3864442139578,11.5467985472657,228.66256251911892,48.66875,65.6730303030303,163843750.0,0.6182038787193795,2.66641358152918,1978
Bangladesh,385.08552032014,11.63,16.7290739025876,48.898056925939,17.295389175415,2.49397993087769,2.48827316770837,86.3610079587766,9.859875222222222,50.852566827535625,6.279395130444133,19.4221981983695,0.072322992647562,4.98964256844788,0.817260573667425,5.08923904100949,10.0399226067437,34.3728691714734,60.51090672810872,51.265,6.583,72.5029296875,92.6020984613785,6.24109050260193,2.84537659375,0.0,13.861562262757,40.46847888864048,24.2664578666894,1.7326391206847298,7.596869860825879,-1.3950463597819212,14.2546768180605,11.5232177984098,228.66256251911892,48.66875,65.6730303030303,163843750.0,0.6182038787193795,2.58033713486354,1977
Bangladesh,384.509552028714,10.701,14.4492027919251,51.9144569344659,16.9491195678711,2.22503995895386,2.53766860687182,86.4171624559258,9.859875222222222,50.852566827535625,6.279395130444133,22.3822749296616,0.0535725925115662,2.9654058240605,0.185440982243288,4.06794100708768,-0.840906615995765,33.636340273609,60.51090672810872,50.951,6.66,78.2008819580078,92.5308826937426,6.11372023781683,2.84537659375,0.0,33.7950583515742,40.46847888864048,19.7321173387158,1.7326391206847298,7.596869860825879,-1.3950463597819212,11.4180637610575,9.91136204173915,228.66256251911892,48.66875,65.6730303030303,163843750.0,0.6182038787193795,1.97088203059504,1976
Bangladesh,373.260373696999,9.836,11.6110473057592,61.9541391335466,42.12493005914171,8.588340140524366,2.62225253859974,86.4773202080959,9.859875222222222,50.852566827535625,6.279395130444133,10.9956261323865,0.00793554956015196,1.91711979022559,4.595389377519535,3.16378396543982,27.04824492340294,26.4348135606942,60.51090672810872,50.627,6.728,76.8773803710938,92.4623139801805,5.98499377208465,2.84537659375,0.0,5.05471207648505,40.46847888864048,8.64450824886865,1.7326391206847298,7.596869860825879,-1.3950463597819212,8.35372754425218,6.14790581498772,228.66256251911892,48.66875,65.6730303030303,163843750.0,0.6182038787193795,4.378083899947994,1975
Bangladesh,399.510508130505,9.034,13.3727281578377,56.6365531249665,42.12493005914171,2.77257990837097,2.83120108031118,86.2926653747779,9.859875222222222,50.852566827535625,6.279395130444133,14.0496210654104,0.0175824730598327,2.61180768930811,4.595389377519535,4.64272057478671,27.04824492340294,29.9907187171958,60.51090672810872,49.589,6.778,72.7963790893555,92.1575287721254,5.86486339734746,2.84537659375,24.832454603469387,5.05471207648505,40.46847888864048,10.0415093953776,1.7326391206847298,7.596869860825879,-1.3950463597819212,13.7283185562234,7.37485722304406,228.66256251911892,48.66875,65.6730303030303,163843750.0,0.6182038787193795,4.378083899947994,1974
Bangladesh,375.01209712721,8.553,12.1103374893782,56.6388529969867,19.0564708709717,2.21124005317688,2.86304698541463,85.9465407015841,9.859875222222222,50.852566827535625,6.279395130444133,18.3946565109774,0.0289363084432292,23.105760392679592,4.595389377519535,3.93877814067019,27.04824492340294,31.2508095136351,60.51090672810872,49.914,6.8,74.8826293945312,91.7058318260676,5.75929112448353,2.84537659375,24.832454603469387,5.05471207648505,40.46847888864048,6.1398965778989,1.7326391206847298,7.596869860825879,-1.3950463597819212,35.44772538340071,8.71200689758102,228.66256251911892,48.66875,65.6730303030303,163843750.0,0.6182038787193795,4.378083899947994,1973
Bangladesh,373.483189983357,8.221,6.06410210550716,59.6099059973143,42.12493005914171,2.22625994682312,1.92336477179015,85.4485531098562,9.859875222222222,50.852566827535625,6.279395130444133,19.4072895559385,0.00143124174703601,23.105760392679592,4.595389377519535,5.112923720583831,27.04824492340294,34.3259918971786,60.51090672810872,49.647,6.816,63.0946998596191,91.1029739650122,5.65442085515595,2.84537659375,24.832454603469387,5.05471207648505,40.46847888864048,25.862868686326394,1.7326391206847298,7.596869860825879,-1.3950463597819212,35.44772538340071,4.69769640474618,228.66256251911892,48.66875,65.6730303030303,163843750.0,0.6182038787193795,4.378083899947994,1972
Bangladesh,442.581266509865,7.901,7.68383878031331,51.0313112066753,42.12493005914171,8.588340140524366,1.74814557140031,84.8701639118973,9.859875222222222,50.852566827535625,6.279395130444133,17.0190718372794,0.3954873305538169,23.105760392679592,4.595389377519535,5.112923720583831,27.04824492340294,41.2848500130114,60.51090672810872,26.522,6.831,50.2889289855957,90.5659432374184,5.69577932552109,2.84537659375,24.832454603469387,5.05471207648505,40.46847888864048,25.862868686326394,1.7326391206847298,7.596869860825879,-1.3950463597819212,35.44772538340071,8.22782728437302,228.66256251911892,48.66875,65.6730303030303,163843750.0,0.6182038787193795,4.378083899947994,1971
Bangladesh,476.495758008963,7.593,8.72908283074018,54.5614999911132,42.12493005914171,2.04375004768372,2.5886620743881,84.5712168358628,9.859875222222222,50.852566827535625,6.279395130444133,20.8205969538367,0.3954873305538169,23.105760392679592,4.595389377519535,13.3772410923478,27.04824492340294,36.7094171781466,60.51090672810872,42.667,6.839,53.9459381103516,90.3368937045133,5.76567686865053,2.84537659375,0.0,5.05471207648505,40.46847888864048,25.862868686326394,1.7326391206847298,7.596869860825879,-1.3950463597819212,35.44772538340071,11.3446569376759,228.66256251911892,48.66875,65.6730303030303,163843750.0,0.6182038787193795,4.378083899947994,1970
India,2086.07688562779,35.872,25.2840627836144,16.6394310409691,81.1778611796872,32.6703071594238,0.790200540609834,37.5851126989677,55.9,99.2,6.69903414079852,49.9653199690324,1.48921120524648,31.3555209622649,3.316617063587,10.7001350622494,29.8899835529029,49.5769340735273,76.0,71.698,1.994,111.084455603874,47.4637059570602,9.87859325809253,2.35232,80.64857717,1.70461092850436,44.10968252033333,18.6103165564092,4.12072849273682,6.71965605554655,-5.09763359088796,52.179239664597425,33.0239169739536,1074.84358827742,42.1,74.94,14788500000.0,4.87440790900238,14.4988763260928,2022
India,1965.30943437506,35.393,26.466523606501,17.3725615260314,80.6246396929286,31.5741767883301,0.822648220128724,38.3501503332631,8.987248354838709,99.6,5.13140747176369,45.4230887840446,1.41217101040888,50.1421581396983,2.82183503869842,10.4763782400684,29.8661330649563,47.8472234596709,59.666666666666664,67.282,2.014,102.316123319201,48.0405766189907,9.69042628572764,1.9488,81.98893361,0.316945144211866,126.8570632088,19.5524130311129,4.63514137268066,9.6974287568279,-2.543380184674245,82.1020348312414,32.1158221755014,964.228004078416,34.9,74.46,14788500000.0,4.87440790900238,11.9544397633217,2021
India,1806.50110583878,34.926,25.1229058078344,18.6685376603727,77.6271551845716,29.8196392059326,0.973438646910149,39.1824013206153,43.4,96.5,6.62343677628535,37.7581053292768,2.40620322673636,54.5052902460387,3.10855277353444,11.6124524106018,28.6796821131572,47.9326881092162,59.666666666666664,70.156,2.047,101.291253449929,48.725925362152,9.54352404153678,1.63623,82.621059,4.13599957786408,103.3725390756,21.4094740100862,4.04014158248901,9.6974287568279,-2.543380184674245,87.6766726830318,28.9223840080659,901.428810221876,36.1,73.34,13413000000.0,2.76733222848623,11.932722252455,2020
India,1936.03067741067,34.472,24.5914753075066,16.7555683032837,75.5255813598633,29.0233592987061,1.04001395098104,40.0816236562874,29.5,95.9,3.72950573539129,39.9054035306442,1.78482633957161,50.7424617406439,2.93877465566923,11.0026755133718,29.7022005792949,50.0849578546822,59.666666666666664,70.746,2.12,99.5039236144817,49.3781313856783,9.2965077293909,1.37913,83.25286162,6.89487542729716,116.7112324569,19.9766366353145,3.89732360839844,9.6974287568279,-2.543380184674245,76.98188096813,30.0961975685688,988.272169542114,33.5,75.36,31661000000.0,5.7983662186762,12.1771751315123,2019
India,1883.35772705062,34.03,26.4120919013735,16.031630686449,75.7847900390625,28.5316867828369,1.09729906702925,41.0000474760581,20.1,95.7,3.9388264669163,43.6169693323889,1.55821483801456,50.3381627463062,2.91499156006937,10.8232185258548,31.4104922311412,48.4315663156522,59.666666666666664,70.415,2.184,101.097955965022,50.0307900245271,9.03074254846896,1.32178,85.90350833,5.36166638954869,112.7565854795,19.4905310721105,4.3769326210022,12.0174277483166,-2.30328908296065,74.097824604711,32.3432182154485,970.834176233242,32.9,75.95,29143000000.0,5.42657307048889,12.1770536786788,2018
India,1788.69770318446,33.6,26.5000166464804,16.5583314049368,74.5972671508789,27.9090518951416,1.1623961434697,41.9854581257956,18.2,91.8,3.32817337461298,40.7424969545225,1.50731583255894,48.7940213990706,2.60108787283474,10.7671989547856,31.7067531706123,47.6708899682407,59.666666666666664,70.068,2.193,117.868171691895,50.7672033452389,8.78174521944322,1.31327,86.31708801,5.32760886237311,108.8047993791,19.5049373712632,4.30639696121216,11.3874439798131,-2.55426517252434,74.1441893624702,30.9821728344733,918.313686962613,32.5,75.78,27878000000.0,5.69635226464623,11.1132572667659,2017
India,1694.46534973825,33.182,26.6189999399789,16.3638005616331,76.119987487793,27.3043575286865,1.19162966402099,43.0253333496195,16.5,89.6,4.94821634062141,40.082485713276,1.9373641224439,49.1012254191449,2.73420120455754,10.3085480747222,31.7264147403683,47.7494012900074,59.666666666666664,69.709,2.284,119.512832641602,51.5768937298059,8.5515603801864,1.38795,84.25058892,6.2327114148242,101.6890632506,20.0812235448632,4.256516456604,11.1477384183764,-2.41851614428797,74.5492653519617,30.172690580036,879.944208640028,33.0,75.81,23111000000.0,5.36923837205765,11.2315483977981,2016
India,1583.99815907985,32.777,27.34739147794,16.1745081068401,74.9483337402344,27.2845668792725,1.19285563384335,44.0627505073559,14.9,88.0,4.90697344127256,41.9229138658647,2.09211521443253,51.8675240772049,3.27581644116737,10.4282907091862,32.4539241111902,47.7837481204463,59.666666666666664,69.326,2.289,112.937843322754,52.3977058192572,8.33495531190129,1.27579,75.67324414,7.55648841353986,100.0,23.0297689509967,4.11499166488647,10.5697090519718,-2.77580962011863,78.0119105841633,32.1167301358276,841.084634870945,33.4,76.42,21472000000.0,5.00943815317626,11.3577957628106,2015
India,1484.31640682913,32.384,27.6564012026443,16.7919345145039,75.3183288574219,25.991325378418,1.26129027125347,45.1093134210994,13.5,85.1,6.66565671867899,48.9221857470669,1.69565958990807,51.8821873589628,3.45190175872427,10.4408568081213,33.4660257489805,47.8224137556558,59.666666666666664,68.932,2.293,111.584541320801,53.2421090234343,8.13279560233489,1.2002,72.21351677,6.69517609043592,101.9211117785,22.7049198417658,3.89878034591675,9.98465419071312,-3.24743717876857,77.8993537588766,34.2678056268836,808.292643714784,33.9,76.19,20756000000.0,4.27444906724364,11.6870988479829,2014
India,1399.4537980287,32.003,28.4048995600246,17.1484235433697,69.9568023681641,24.3906383514404,1.33270430507476,46.1494472947975,12.3,83.1,10.0178784746102,53.8441319466777,1.5162764665975,52.385709516972,3.76848981172284,10.2951601419598,34.3046574869553,46.6987147692338,59.666666666666664,68.499,2.399,113.416778564453,54.1378376565175,7.98839036172002,1.15198,68.6455143,3.86599286270871,97.0226927995,23.3008757774803,3.84467005729675,11.0016256942917,-4.06573304249265,78.1821717320597,34.0231978997548,743.800779206054,34.9,75.14,19042000000.0,4.06642763077828,12.2735612899417,2013
India,1333.09626557668,31.634,29.3985276965289,16.8453770661356,70.3243865966797,24.9402103424072,1.37405616603306,47.1622662551556,11.1,79.9,9.47899691419801,55.7937217287511,1.31293453035324,51.8885076473464,3.76554510581057,10.6838562318127,35.261292320436,46.3011472980511,59.666666666666664,68.076,2.47,111.775573730469,55.060078071414,7.89781181625837,1.1717,67.84853606,2.47352048880901,89.4574999991,21.7351878662519,4.08479833602905,10.8367717209692,-3.7644761333206,76.9131885205749,38.3474156730403,709.29231683389,34.8,75.52,18340000000.0,4.13207145083054,12.3352800495446,2012
India,1281.61054354933,31.276,30.1616797630407,17.191973558015,68.5910110473633,23.8253688812256,1.41682761544376,48.1689410271984,10.1,79.5,8.91179336483371,55.6238800135298,2.0020634629993,51.2892331325447,3.42826651551382,11.0844615855594,35.1317930938104,45.4421452512796,69.0,67.623,2.532,109.70790287368,55.9876762675338,7.8187352403354,1.05859,71.07565334,1.31798086194015,91.1064535237,18.5055609944676,3.79618000984192,10.1773871997608,-3.20649564885787,78.8373112865613,39.590421855219,678.603763179269,35.0,74.49,14788500000.0,4.87440790900238,11.8639553301797,2011
India,1235.15939133951,30.93,30.7250782285817,17.0265090136912,65.3513488769531,18.6971797943115,1.45460361883041,49.1898177203431,7.5,76.3,11.9893899204244,49.2552064974161,1.6350340943491,50.5553749785224,3.19166058450459,11.0076078674499,36.3058750410672,45.0337495625601,59.666666666666664,67.162,2.598,112.527946472168,56.9435299366504,7.7537122163073,0.883809,60.63048058,-1.98385922139866,79.2461742793,17.520327243228,3.377690076828,10.3880397905312,-3.48058118972693,77.67995244357,39.7856241847736,629.895949144928,36.2,74.19,14788500000.0,4.87440790900238,11.6960771017817,2010
India,1155.10163274172,30.587,31.1213721116744,16.7442701563161,61.8002281188965,16.8205890655518,1.44601731955273,50.2131556109369,5.12,75.0,10.8823529411764,46.2728696428837,2.6515903323548,48.1244479112046,3.6667673744297,11.459667419691,35.6174348132095,45.9848828116978,59.666666666666664,66.7,2.674,113.051681518555,57.9164697840483,7.70331417311134,0.632032,42.91212541,4.80859210766597,63.0465500442,19.2155611185983,3.27824997901917,9.80972540638804,-5.51353416873553,79.0751963448471,39.2567917551336,588.324306167645,37.4,73.85,14788500000.0,4.87440790900238,10.8742030373291,2009
India,1086.50605251513,30.246,31.1367192409548,16.7909423598037,62.6794281005859,15.8141202926636,1.43877181746736,51.226131880528,4.38,74.1,8.34926704907581,53.3682204392226,3.62052323540171,49.559366687116,4.16861118961249,10.5384811563533,36.2540826332604,45.8825499068249,59.666666666666664,66.247,2.711,114.626556396484,58.8878284434793,7.66169656295134,0.437111,28.74616679,3.77175624965394,67.036650887,19.0572058938661,3.863645076751709,10.9771721522223,-4.97258655315357,77.3729561105341,38.4224196528192,555.102915633182,39.4,72.44,12462000000.0,4.08430358308022,13.4805034724501,2008
India,1069.24696813025,29.906,30.9032382510869,16.7501197597569,59.5899810791016,13.8339099884033,1.50599144392136,52.2518753881967,3.95,72.3,6.37288135593231,45.686268679348,2.07339404668754,45.6277647457138,3.05873598319172,9.86211572842642,37.0113890041504,44.0081579238245,59.666666666666664,65.803,2.775,114.114318847656,59.8780645451957,7.626189156999,0.262876,19.63701843,5.68184406453711,57.298337965,16.8414102457773,3.863645076751709,12.1083469904149,-0.479110412536923,72.2804239219053,41.9507982267334,533.124870917342,41.5,70.96,11234000000.0,4.67923381848174,12.880958178928,2007
India,1008.23275343783,29.569,30.9272399435883,16.8094420944381,57.2240791320801,12.1438102722168,1.56412522526913,53.3048204008132,2.81,67.9,5.79652337561634,45.7244804992652,2.13016842534495,43.6277524334268,3.01338413110281,9.80247046783494,36.3605321112763,44.043235711462,63.0,65.373,2.867,96.45311529330792,60.9024728456723,7.59765244485906,0.196099,14.16357152,2.5706067017683,50.0125303853,17.0996791242773,3.14284992218018,11.1293370539779,-2.26402820004874,68.0630217874844,38.9985063717532,500.475373037023,43.2,69.99,8915000000.0,4.61161885156437,13.6083666091764,2006
India,947.732565646672,29.235,29.5337641914637,17.6202069548839,56.3279800415039,11.3199701309204,1.63142146860079,54.3394900298151,2.39,68.8,4.24634362031922,42.0016696148691,0.886098378458823,40.0679804780573,2.69691947410043,10.3661401972455,34.4180152872324,44.4429329227804,59.666666666666664,64.939,2.958,96.45311529330792,61.9081709086155,7.56868087880033,0.116743,7.806770983,4.85514517186609,44.7456175732,14.8800140528443,3.18875002861023,10.0809315263538,-3.23146948310993,65.5481218951747,37.4282640165983,458.878379944817,44.2,69.4,7659000000.0,4.9546508845687,12.1096146609078,2005
India,892.596614581612,28.903,29.219106305293,17.8146906487994,53.6583099365234,11.6037998199463,1.7035704679088,55.3477131235162,1.98,64.4,3.76725173477515,37.503814059447,0.765596855110284,36.1918038545968,2.64405343790174,10.4047023481415,33.3325546576999,44.1148589722471,59.666666666666664,64.484,3.046,96.45311529330792,62.8827039448926,7.53499082137635,0.0206868,4.595760598,4.9101283033462,36.8047048725,17.5588240572864,3.35254001617432,9.57081708050975,-3.25615794219875,64.6357080581913,35.0964917017773,441.626538806721,44.9,69.13,6307000000.0,5.43614296297201,10.3699610164546,2004
India,841.278894571674,28.572,27.4741071211988,19.5919979784251,51.9028091430664,11.2758102416992,1.73438204419235,56.3432300811316,1.69,65.4,3.80585899528851,30.592436132908,0.605887857091794,31.6262656186491,3.45550884243655,10.8762099129119,30.4709582553129,44.7046456542143,59.666666666666664,64.086,3.122,106.22322845459,63.8360537864219,7.49282370529032,0.0125682,3.014994095,7.30788116038414,31.7025378077,19.7091758741244,3.61340999603271,9.10808432214403,-3.43004355011113,63.1792536038838,30.8396999424416,419.055104155047,45.6,68.17,4560000000.0,5.37767363284084,8.02692084135039,2003
India,793.615912906381,28.244,27.6606541607882,19.5345432709546,49.2973213195801,10.7845497131348,1.81129424097937,57.2953237699307,1.54,62.3,4.29715203929563,29.5086629350614,1.01156946489919,32.3064890735537,3.05584389568309,11.3140950692424,28.1114783442437,44.7288275521667,59.666666666666664,63.649,3.217,98.0657272338867,64.7352214074379,7.43989763750713,0.00750811,1.183633404,7.90717718897463,29.9491177715,20.6731997171964,3.863645076751709,8.67627393090217,-4.66165278845976,62.6195245160236,30.2513001207186,401.997856451179,45.8,67.95,3300000000.0,4.67294464460457,7.86838129929838,2002
India,778.507377528365,27.918,26.4877773440307,21.6188848861438,48.0781288146973,10.3922300338745,1.87060822112685,58.2497185633088,0.66,62.0,3.77929312235637,25.9932547534365,1.05638020993358,28.6194154254102,2.94022220760942,11.7614498890899,26.2598844992101,43.8089612621243,61.0,63.158,3.303,98.9954681396484,65.6393614041737,7.38964284086494,0.00463866,0.606133118,8.59144929637163,25.6824259771,20.6760979408451,3.863645076751709,8.07945444456957,-4.3480533950568,57.7390677682671,29.9078889827325,384.816354358758,47.1,67.12,3342000000.0,5.37902467437998,7.71174778376346,2001
India,756.704109527449,27.667,27.3258283775917,21.6110620465121,45.4210510253906,9.65246963500977,1.87939826197393,59.2192821422475,0.528,60.3,4.0094359104519,26.9009229104474,0.765211694280819,28.3395511575183,2.75055276181012,11.9478354691139,26.1190237335753,42.7329266435537,59.666666666666664,62.749,3.35,93.9977722167969,66.5658129376285,7.34653079538106,0.8987187168181818,0.337578456,8.34261083140927,23.6702163412,21.8228803066691,4.32479000091553,8.81014349636308,-3.81029698727217,54.6451291831448,25.677316683955,384.988418620172,46.9,67.24,3598000000.0,6.00350085316649,7.65871088839284,2000
India,742.53920839445,27.453,26.5192933488596,22.9725618865025,43.6683311462402,13.469992464238947,1.90202919152067,60.1975383901616,0.273,60.1,4.66982038037594,24.8155980442929,0.472644191458928,25.4228622073471,2.42453583586909,12.1754896050679,25.6375329054903,41.9657377868543,59.666666666666664,62.284,3.383,92.6203002929688,67.5027186489675,7.30518025880582,0.8987187168181818,0.181096675,9.19124732238965,19.7237733543,21.9170329671142,4.41539001464844,8.63830002757078,-3.28105722552638,51.0649259553469,30.9580879683861,383.129557354499,47.1,66.99,14788500000.0,4.87440790900238,6.92650781042394,1999
India,695.293709344799,27.24,27.3030378517565,24.180451549085,50.5661586555867,13.469992464238947,1.93596384442712,61.1775928899812,0.139,56.1821327209473,13.2308389767977,23.6994700790647,0.625286204187866,23.6777468578745,2.24973791761798,11.9098898139839,25.8895046456056,40.1325687271653,59.666666666666664,61.852,3.446,92.0035095214844,68.4423001360828,7.26470724610156,0.8987187168181818,0.11703148,5.1212763287722,17.4538796031,23.5364642994774,3.57256007194519,8.11314351097825,-3.30288882808931,48.9013068508578,24.9753699423901,379.597777122192,48.0,65.53,14788500000.0,4.87440790900238,6.22545415561254,1998
India,667.598423095039,27.028,27.8370307633106,24.248674505748,46.7925491333008,6.55761003494263,1.966425183613,62.1174329361943,0.0708,54.5948638916016,7.16425211462724,22.6193868670479,0.860208959660141,23.5553253462263,2.48419591903833,11.0287262034071,27.550434015696,39.0795515246162,59.666666666666664,61.439,3.514,93.7279815673828,69.3432839707025,7.22585103450818,0.8987187168181818,0.08797845,6.90957899531884,16.7121039185,22.8125471917776,3.3613600730896,9.00857773269381,-2.79027832021128,47.4599823040339,25.6927329065132,369.395984839115,47.9,65.35,14788500000.0,4.87440790900238,5.18273547355893,1997
India,654.355928429641,26.817,27.9122703698412,25.199306058679,46.274600982666,6.26949977874756,1.99775909414655,63.0196371809324,0.0463,53.0035209655762,8.97715233826453,21.9294878713867,0.617479351603705,23.4024420368578,2.23104187398418,10.3308896774711,27.047935038253,37.709329473598,59.666666666666664,61.027,3.582,94.2771072387695,70.2088855735137,7.18924839258131,0.8987187168181818,0.033354344,7.79299430029867,17.9517225619,24.1426536681275,3.863645076751709,9.23146869089268,-2.01868924006667,44.6894365497978,22.7592531809279,354.444866235897,49.1,64.57,14788500000.0,4.87440790900238,4.68556054868417,1996
India,620.699954330379,26.607,28.5998094242024,24.4575477898552,46.2023887634277,5.54008007049561,2.01296632914892,63.8780407115142,0.0262,51.4087753295898,10.2248861637544,22.8674487062499,0.594986329567619,22.5107747023582,1.72725749335087,10.5402675188309,26.9673910930445,37.8496681189619,59.666666666666664,60.63,3.651,95.077018737793,71.0333210055779,7.15528029406372,0.8987187168181818,0.007952054,5.86417810908186,15.8406022664,26.3321749588569,3.863645076751709,9.22682469090603,-2.18068827030502,43.545308881586,29.1523371515588,354.353462516906,49.5,64.09,14788500000.0,4.87440790900238,4.73032691592409,1995
India,588.727892188017,26.399,27.6282012473106,26.519937575032,46.3614311218262,13.469992464238947,2.04435418122792,64.6454408552454,0.00107,49.8113098144531,10.2479355556119,20.0781443769255,0.297386581392873,23.6473414046455,1.78953392020369,10.43581347191,25.9510065459184,37.4963023409284,59.666666666666664,60.237,3.723,95.9053573608398,71.767235521839,7.12179466659357,0.8987187168181818,0.0,4.33710973757939,12.259200428,30.2990427010044,3.863645076751709,8.98177201647929,-2.40392368248284,46.0214654858897,26.3101665553988,337.328115607323,50.5,62.18,14788500000.0,4.87440790900238,4.3504469178135,1994
India,563.372872328964,26.191,26.7815542820739,27.0545587671255,45.8958511352539,13.469992464238947,2.09986069412181,65.3293121063226,0.000218,50.9,6.32689048779867,19.6515397864684,0.197056426383431,23.8320553867162,1.26131148080304,11.0026650353957,24.0830792774423,38.4906849170226,59.666666666666664,59.823,3.799,95.2196502685547,72.42005748992,7.09074538359737,0.8987187168181818,0.0,5.81477651213036,10.7575354093,33.157477335464,3.863645076751709,8.53523362003571,-3.90437165996765,44.8834588757366,22.716410511618,317.59804828618,51.5,61.55,14788500000.0,4.87440790900238,4.15458738432887,1993
India,549.235069966802,25.984,26.7927432696344,26.8969194477949,50.5661586555867,13.469992464238947,2.12998519274824,65.9754490862909,0.000111,73.62335342407228,11.7878170418134,18.433099041828,0.0959419487133591,24.6982402507395,1.00532422086761,10.9150464795678,23.2468016207748,37.9125681820607,59.666666666666664,59.445,3.877,93.5672073364258,73.0414337152497,7.06598462895876,0.8987187168181818,0.0,9.1327494058766,9.3697407074,30.9287372170104,3.863645076751709,9.80522844222105,-2.30663345242329,44.1444293103205,27.44020415513,301.718663103219,51.5,60.93,14788500000.0,4.87440790900238,4.04887677127442,1992
India,531.898397841583,25.778,26.4417201769254,27.6627054102247,50.5661586555867,6.06103992462158,2.16777668657973,66.5924630419021,8.987248354838709,73.62335342407228,13.8702461773683,16.9877265511351,0.0272255401825463,23.8217444526828,1.2177135602415,11.0787262464783,21.7599660966497,37.7856900237179,48.0,59.032,3.959,93.34375,73.6394717785432,7.04700873664111,0.8987187168181818,0.0,3.62471659575062,8.4623879539,31.8999260564656,3.863645076751709,10.1709224201253,-2.24941701494413,43.4178555336728,25.1405052782292,289.260115873744,52.0,59.85,14788500000.0,4.87440790900238,4.02455545165036,1991
India,537.870269533789,25.547,27.4536954957201,27.5848881365411,50.5661586555867,5.98130989074707,2.213130886438,67.1758619066396,0.0,73.62335342407228,8.9712325027325,15.5062615101965,0.0737400205365026,24.9164565697186,0.742646650962366,11.2854919029931,21.2135632354218,37.0447851946481,59.666666666666664,58.618,4.045,93.7505874633789,74.2102460090207,7.03438410238117,0.8987187168181818,0.0,5.26952699827423,8.2944845714,26.3503860119686,3.863645076751709,9.99359139610285,-3.38633714083737,42.1837730850963,27.3361977013687,270.904653711417,53.0,58.67,14788500000.0,4.87440790900238,3.33804100683153,1990
India,521.073383845828,25.305,27.5509934814251,27.8396057996888,37.2909393310547,5.7842001914978,2.23467340339487,67.7178526711899,8.987248354838709,73.62335342407228,7.07428002942301,15.1681320906695,0.085156820591001,26.5898140097507,0.882930129689587,11.5637622995241,20.1444395874085,37.2293979795496,59.666666666666664,58.196,4.132,94.2683029174805,74.7462897436702,7.02843707248025,0.8987187168181818,0.0,7.43584324824212,7.2071126506,25.1949473573329,3.863645076751709,10.4683445142138,-2.74571552152508,42.8163359110211,26.8610369133845,579.8471543529685,42.1,69.80454545454546,14788500000.0,4.87440790900238,3.38244230941045,1989
India,502.937342176693,25.063,26.7115838158166,28.7698223693608,37.1321182250977,5.5646800994873,2.25053923542519,68.2062022094891,8.987248354838709,73.62335342407228,9.38347186185335,13.4904501163017,0.0307664119671983,25.2751174407626,0.780639506428528,11.6043602340003,18.1568091313756,36.7964455054322,59.666666666666664,57.744,4.222,90.8867797851562,75.2337643196994,7.02756211021025,0.8987187168181818,0.0,7.63863299594509,6.1594498563,20.2016135814387,3.863645076751709,10.3567380103189,-3.06407405918314,42.5039894446876,26.2826349945907,579.8471543529685,42.1,69.80454545454546,14788500000.0,4.87440790900238,3.07248857879025,1988
India,469.209956302852,24.823,26.6992365167194,27.9723784011745,37.0344886779785,6.37517023086548,2.2808002561271,68.6186191881921,8.987248354838709,73.62335342407228,8.80112581251833,12.5848140356758,0.0760911990543139,25.3823595128242,0.955230645684232,11.929013421565,16.9825251034946,37.4522794922894,59.666666666666664,57.291,4.311,89.2838973999023,75.6478119789457,7.02919279075356,0.8987187168181818,0.0,6.56018009415452,6.3739841639,19.2859862568476,3.863645076751709,10.4083099657377,-3.07822230003058,42.6341664425997,25.8271313054029,579.8471543529685,42.1,69.80454545454546,14788500000.0,4.87440790900238,2.86437809748303,1987
India,461.725611478711,24.585,26.7308358205169,28.6411462697276,37.503360748291,6.04269981384277,2.30826458791438,68.9482254766843,8.987248354838709,73.62335342407228,8.72972072702581,12.2192718993726,0.0472837841556693,25.8010010963318,0.899610070289677,11.5502571079547,15.7885060289593,36.9884678356446,59.666666666666664,56.819,4.399,91.0680694580078,75.9796715196638,7.03144604297949,0.8987187168181818,0.0,9.09322414508824,5.3567598145,18.1397801866249,3.863645076751709,10.4273088592738,-2.92148084767015,41.6611461222068,26.0656839397328,579.8471543529685,42.1,69.80454545454546,14788500000.0,4.87440790900238,2.88110710182236,1986
India,450.966703866791,24.348,26.6290712211673,29.7181383564993,50.5661586555867,5.88107013702393,2.3270540843985,69.2316221602212,8.987248354838709,73.62335342407228,5.55642423236554,12.9000361941487,0.0456278399036275,24.5636651595543,1.06197269666671,10.9301926338183,16.7983112916088,36.1149997720489,59.666666666666664,56.324,4.432,88.7451095581055,76.2649733062572,7.03335114603597,0.8987187168181818,0.0,8.68167358478664,5.2089196813,16.8298476091414,3.863645076751709,10.0754185428104,-2.27248696448346,39.5283397579026,26.4460769030045,579.8471543529685,42.1,69.80454545454546,14788500000.0,4.87440790900238,3.13408216212059,1985
India,438.541705524351,24.113,26.7391386534274,31.3805304117853,35.4252891540527,5.91021013259888,2.34593300498783,69.5032260564289,8.987248354838709,73.62335342407228,8.3189071186008,14.0093759441289,0.00906872806015982,24.2825746445338,1.08162516890611,10.3559108942417,15.7955669494764,35.4208160849618,59.666666666666664,55.813,4.516,88.7920837402344,76.5377223359011,7.0344962794722,0.8987187168181818,0.0,7.94709992039818,5.4988397247,15.5309114795427,3.863645076751709,9.30653986438454,-2.00128277356407,38.156258303124,23.2914173032296,579.8471543529685,42.1,69.80454545454546,14788500000.0,4.87440790900238,3.23982271938052,1984
India,432.429235395483,23.879,26.2988432863343,32.6065348775622,34.0339088439941,5.61353015899658,2.3406940951715,69.796619711279,8.987248354838709,73.62335342407228,11.8680812986734,13.6905938868802,0.00258404858226026,22.8926687647968,1.21875533009953,10.091120987434,15.3547495082926,34.5216006305407,59.666666666666664,55.283,4.565,87.14306640625,76.8314430501224,7.0348233388435,0.8987187168181818,0.0,7.32098668508481,5.4354362595,14.1016587725392,3.863645076751709,9.26849740618579,-1.2778006107181,36.2359994537155,21.0395721185203,579.8471543529685,42.1,69.80454545454546,14788500000.0,4.87440790900238,3.20492600538569,1983
India,412.596737107488,23.647,26.149804786646,32.3267496865056,32.0257911682129,4.99417018890381,2.33396964438701,70.1143883164103,8.987248354838709,73.62335342407228,7.89074279377487,14.1259277495475,0.035911504129649,22.6878989175431,1.30416921413334,10.1725727812659,15.805984915272,34.8968372777428,59.666666666666664,54.735,4.62,85.0793762207031,77.1464292145873,7.03204089817693,0.8987187168181818,0.0,7.77470724439598,5.560297981,13.4675820923942,3.863645076751709,9.26912135161155,-0.786527351892456,36.1051758720796,25.1341943149098,579.8471543529685,42.1,69.80454545454546,14788500000.0,4.87440790900238,3.19064944455587,1982
India,408.153549798956,23.417,26.1029192063254,33.2976974188253,30.5206909179688,5.30499982833862,2.34973202595162,70.4191062530075,8.987248354838709,73.62335342407228,13.112546897642,14.5072647616204,0.0475059950934485,21.2254624473987,1.18941508631036,9.62616589266879,15.8078741702797,33.8716186357614,41.0,54.173,4.698,84.4031600952148,77.4442996803025,7.02519342729497,0.8987187168181818,0.0,5.11823674143201,5.0914226826,11.6154387844499,3.863645076751709,9.21369031479097,-0.501807243100934,34.4567940286085,25.5601376265736,579.8471543529685,42.1,69.80454545454546,14788500000.0,4.87440790900238,3.12483865752148,1981
India,394.182239918298,23.098,25.3362458953649,34.4088678062413,29.069429397583,5.01389980316162,2.38482579119883,70.7447824890761,8.987248354838709,73.62335342407228,11.3460734795095,15.3845768485061,0.0424840892344642,20.5434589538871,1.47963108843894,9.65188060883461,14.525725079861,33.8072587357083,59.666666666666664,53.593,4.775,83.0520095825195,77.7617081261085,7.01692563703238,0.8987187168181818,0.0,4.47650826090093,4.9951074101,11.0959139435883,3.863645076751709,9.02607173865502,-1.00365239462519,34.4665520003824,19.5550034544046,579.8471543529685,42.1,69.80454545454546,14788500000.0,4.87440790900238,3.19462928878117,1980
India,378.219592785732,22.736,25.9922062250303,32.8255300200485,50.5661586555867,5.01270008087158,2.32548037680355,71.1960115942748,8.987248354838709,73.62335342407228,6.27568336762335,14.9188045313762,0.0317460436775607,20.9567362383734,0.93925579189819,9.89473202498657,15.7689543847437,35.5214147292532,59.666666666666664,53.014,4.808,81.7052230834961,78.2074598737802,7.01144827950541,0.8987187168181818,0.0,-1.06114574577495,44.10968252033333,11.8747907376173,3.863645076751709,9.68904892316569,-0.907235536490874,35.3948920765097,23.5953767441188,579.8471543529685,42.1,69.80454545454546,14788500000.0,4.87440790900238,2.74690593726306,1979
India,408.516944405283,22.379,25.3244196137718,34.2739627109778,26.8316993713379,5.05035018920898,2.30273010047879,71.7069049167313,8.987248354838709,73.62335342407228,2.5230487569518,12.9030118424849,0.0131753054300397,19.6954206973289,0.848329973193961,9.43960862080358,15.0582392511339,34.9393647294725,59.666666666666664,52.42,4.888,81.915901184082,78.708214458787,7.00130954205567,0.8987187168181818,0.0,10.7746313302481,44.10968252033333,12.0487069306426,3.863645076751709,9.30227453027132,-0.107391968148347,32.9758132411086,22.6507207547063,579.8471543529685,42.1,69.80454545454546,14788500000.0,4.87440790900238,2.30297533609808,1978
India,395.443306821969,22.026,24.4002625422792,35.777144264307,26.4142303466797,4.9244499206543,2.35894044670683,72.2343183991567,8.987248354838709,73.62335342407228,8.30747009171166,12.6481011375529,-0.0296822758224169,18.0417851880559,0.76915114494413,9.20977194135778,15.4049813682117,34.6614496116454,59.666666666666664,51.822,5.007,85.6396636962891,79.2201937493938,6.98587535023706,0.8987187168181818,0.0,5.632569802822441,44.10968252033333,12.7168401804502,3.863645076751709,8.59709420636431,0.184573642806882,29.4811212294349,21.0956125472627,579.8471543529685,42.1,69.80454545454546,14788500000.0,4.87440790900238,2.14236110601284,1977
India,377.496025412265,21.677,24.480523415356,34.3120367117561,25.8382606506348,5.10794019699097,2.3526277752357,72.7714638528495,8.987248354838709,73.62335342407228,-7.63394763392882,12.8012030726837,-0.00750262532831522,17.8877016985182,0.625356307212665,9.7797533155484,15.9656050718889,35.8037232155147,59.666666666666664,51.302,5.13,82.9207916259766,79.736917591325,6.96545373847543,0.8987187168181818,0.0,5.632569802822441,44.10968252033333,14.2367669213093,3.863645076751709,9.18183799053208,0.128523948147424,28.0306374165527,19.4192719578704,579.8471543529685,42.1,69.80454545454546,14788500000.0,4.87440790900238,2.13809444632838,1976
India,380.159941374693,21.332,23.201252076254,35.9969148408834,25.6306705474854,13.469992464238947,2.36169921715702,73.2806535889195,8.987248354838709,73.62335342407228,5.74843029767437,12.2939782139853,-0.0104862850298618,14.9337333299206,0.436546124684547,9.48765621560141,13.0980864879162,35.1392413952858,59.666666666666664,50.761,5.195,83.4416122436523,80.2142744665989,6.93362087767935,0.8987187168181818,0.0,5.632569802822441,44.10968252033333,14.122768871107,3.863645076751709,9.02450290812779,0.150212792228915,24.2610088973848,19.5451062648376,579.8471543529685,42.1,69.80454545454546,14788500000.0,4.87440790900238,1.92441591050455,1975
India,356.615069643548,20.991,22.6756933966727,38.8780587034235,50.5661586555867,13.469992464238947,2.3000950671043,73.7745057491632,8.987248354838709,73.62335342407228,28.598734077509,10.8518902537234,0.057240979881568,12.9137997938057,2.174463684078988,8.64064088354514,25.701336529130476,33.6105959521083,59.666666666666664,50.259,5.325,82.6846771240234,80.6676964293863,6.89319068022303,0.8987187168181818,22.94899444197959,5.632569802822441,44.10968252033333,12.8042873602095,3.863645076751709,8.18112088549798,-0.0856661872827014,22.8354560373887,22.5115175742591,579.8471543529685,42.1,69.80454545454546,14788500000.0,4.87440790900238,7.314571219259949,1974
India,360.637844062503,20.653,21.3482302903111,41.6038246201552,24.9130592346191,5.0899600982666,2.25036255306664,74.1616168763596,8.987248354838709,73.62335342407228,16.9408159791736,8.93209601877255,0.0443300179876363,13.0938638341127,2.174463684078988,8.40736153327391,25.701336529130476,32.947705615035,59.666666666666664,49.642,5.402,83.1786193847656,80.9986462457341,6.83702936937455,0.8987187168181818,22.94899444197959,5.632569802822441,44.10968252033333,12.8852634101498,3.863645076751709,9.6974287568279,-2.543380184674245,24.0207351425922,18.7007586479695,579.8471543529685,42.1,69.80454545454546,14788500000.0,4.87440790900238,7.314571219259949,1973
India,357.07792916052,20.321,22.4080025875816,38.6268263019613,24.5211200714111,13.469992464238947,2.19501824226466,74.5341269220702,8.987248354838709,73.62335342407228,6.44209746158243,7.73639959724787,0.0248934085415096,12.9223576801012,2.174463684078988,9.33421495861269,25.701336529130476,35.5216549188878,59.666666666666664,49.213,5.482,79.8201217651367,81.3068188425448,6.77269192047468,0.8987187168181818,22.94899444197959,5.632569802822441,44.10968252033333,14.1110163209039,3.863645076751709,9.6974287568279,-2.543380184674245,24.466318473608,19.5484319396904,579.8471543529685,42.1,69.80454545454546,14788500000.0,4.87440790900238,7.314571219259949,1972
India,367.03330975615,19.991,22.3920079066295,38.6333911913009,24.1701202392578,4.99697017669678,2.21613325893602,74.8633779352094,8.987248354838709,73.62335342407228,3.07993868406537,7.66960655842499,0.0707631865417858,12.4934379258298,2.174463684078988,9.67379314361206,25.701336529130476,35.8036490825433,59.666666666666664,48.902,5.565,78.9816589355469,81.5721664288433,6.70878849363388,0.8987187168181818,22.94899444197959,5.632569802822441,44.10968252033333,13.9317391661706,3.863645076751709,9.6974287568279,-2.543380184674245,23.3705521594171,19.2036157433701,579.8471543529685,42.1,69.80454545454546,14788500000.0,4.87440790900238,7.314571219259949,1971
India,369.192480654411,19.76,21.7293092919549,40.2896134622547,50.5661586555867,13.469992464238947,2.21982378728468,75.2245662097928,8.987248354838709,73.62335342407228,5.09226161997552,7.66176933794548,0.0728263243873017,11.2365497014764,2.174463684078988,8.9472441343111,25.701336529130476,35.0468708624974,59.666666666666664,48.585,5.624,96.45311529330792,81.8831795123665,6.6586133025737,0.8987187168181818,0.0,5.632569802822441,44.10968252033333,13.5793083177093,3.863645076751709,9.6974287568279,-2.543380184674245,21.3730683995958,18.2114387329179,579.8471543529685,42.1,69.80454545454546,14788500000.0,4.87440790900238,7.314571219259949,1970
Pakistan,1642.28066974826,37.731,20.4125955543613,22.3268646996031,42.3586853238267,10.6203098297119,1.74799739792983,63.6918955299575,24.2,95.0,19.8738599646655,33.031353478032,0.389980753542853,14.8383242381905,8.04928811142895,10.4918852190112,10.4328982258703,52.2312939861803,52.666666666666664,67.417,3.662,82.6790063159857,70.7109794452284,7.0190839152709,1.28372,81.74691267,2.7924294569074086,71.23624288555952,34.5490782445464,1.97444903850555,12.168756631767161,-5.23734118675006,46.1226561682612,15.560542680423,605.788247596384,48.928124999999994,63.94,795538461.5384616,4.187726376739467,4.85678802851381,2022
Pakistan,1595.02792175422,37.44,18.8964082009484,22.6625080760743,41.8552345316015,12.5983591079712,1.8867779716011,64.4007952670343,21.4,94.9,9.49621056124947,27.030421558764,0.616039439073827,15.3401397751102,8.98436279286431,10.9295676776143,13.8156870015657,52.0255067386808,52.666666666666664,65.773,3.72,84.3684597161784,71.3439501303533,6.94315486331907,1.23144,81.55130785,-1.45225942307802,149.420514552,38.0251981400457,1.6874612569809,12.168756631767161,-5.23734118675006,51.2623868410964,14.5346932032028,570.098770866866,41.6,65.49,795538461.5384616,4.187726376739467,4.91544553913919,2021
Pakistan,1526.00597486307,37.165,18.5894635445816,21.8541325548966,24.41485435179018,11.944239616394,1.80375141301202,65.1435754180741,18.9,94.5,9.73999313898155,26.7162804594298,0.684695289874347,15.0331201291201,8.68401332889248,11.7888005549132,14.5415824221033,53.680280706041,52.666666666666664,65.701,3.765,62.566129870414855,72.0651682830605,6.92159286498641,1.03954,77.3005648,0.739692508004723,132.1039328834,40.0159385633215,2.05718231201172,12.168756631767161,-5.23734118675006,54.5263893717141,14.8155393446447,517.659983683696,42.7,66.28,765000000.0,2.79880745192545,4.45268764141137,2020
Pakistan,1573.8330826937,36.907,19.5638945814483,20.6778713222887,39.6166540049859,11.3472347259521,1.69187124669657,65.7530012774678,17.1,93.9,10.5783618004555,28.9055757994453,0.696146480411465,15.6879858068791,6.9340427404279,10.7497531702128,11.3749941766915,53.6204826290348,58.0,66.729,3.81,83.1845752333307,72.6314584931864,6.87845721571853,0.881514,74.07560451,2.93179330274519,136.5988517059,34.9438285157213,2.21491765975952,12.168756631767161,-5.23734118675006,51.1835848516191,15.4996434687193,481.176635278184,45.9,63.2,992000000.0,3.23441522131454,5.0373171787148,2019
Pakistan,1561.68169819559,36.666,18.5890515927482,21.6512353593957,37.7495130334641,8.39241695404053,1.62371483290292,66.2946186091491,15.3,93.4,5.07805725868917,27.6260563651623,0.487745750658143,16.6323511145142,5.95094743448361,10.9936256389097,11.8825867319132,52.9323158239348,57.0,66.481,3.855,82.0333064173511,73.1024168008764,6.80779819172731,0.952871,70.07944774,4.51556820489702,120.1911635085,28.5718965622565,2.33216953277588,12.168756631767161,-5.23734118675006,51.2232935528021,17.0682914767895,494.626307874451,43.4,64.32,845000000.0,2.74574498885293,4.94281796434968,2018
Pakistan,1495.26187528032,36.442,18.0993270885214,21.9632035366872,35.8526761779574,8.80055046081543,1.41409990353131,66.8266547972817,13.8,92.7,4.08537368032608,25.4720364087022,0.735837049658425,15.3138129313571,5.85367806811606,10.7537407933813,12.8974404974047,53.249254299638,59.0,66.223,3.9,78.8430583504664,73.5768238017572,6.75016900447542,1.03819,66.79261828,4.01832568832305,103.7307886781,27.8756739761646,2.13665676116943,12.168756631767161,-5.23734118675006,51.4077109638097,16.3328905086261,495.906448421728,42.1,63.49,865000000.0,2.93305447275548,5.32700653230768,2017
Pakistan,1452.18658269177,36.234,18.1501179723214,22.3283302035697,36.3533679861146,8.47824573516846,1.30216393815952,67.2174660360188,12.4,91.8,3.7651191635658,24.7015795148236,0.821349998064174,14.6822491291274,6.31922966290135,10.6089558490806,14.2861491357064,52.747401539414,52.666666666666664,65.943,3.902,79.8399701958586,73.9138783908976,6.69641235487885,1.13035,63.92184347,7.76126513302726,98.3780094923,24.3950993197251,2.41721177101135,12.168756631767161,-5.23734118675006,50.8043096148012,15.9357469564064,455.97127147955,43.7,62.17,790000000.0,2.94016820962849,4.7046902381352,2016
Pakistan,1380.47020838317,36.026,19.602614668814,23.2628407756242,35.1742522238373,8.61171054840088,1.40250113589189,67.507228098562,11.0,91.0,2.52932817254229,26.6881846039541,0.557734356032139,13.8776720604833,6.43611445161773,9.78896258049987,14.9442647878534,52.6865814332807,52.666666666666664,65.641,3.988,74.8479908789247,74.161810917677,6.65458281911498,0.825253,59.67675827,5.47083938915616,100.0,23.2762601215631,2.38609004020691,12.168756631767161,-5.23734118675006,48.0947897059567,15.8109281075904,435.140207884378,45.9,60.72,915000000.0,3.19885330722976,4.90192825528785,2015
Pakistan,1343.30778121043,35.819,20.8659912298838,23.4927320097855,33.214222759511,8.92643165588379,1.50032405388564,67.7881216110117,10.0,90.1,7.18938402847028,29.4698258334981,0.695308116834202,14.0363434269816,6.35394444445627,10.0273763648972,14.1812504885706,51.5633070162566,57.0,65.374,4.055,74.3189018516843,74.4256172449709,6.63749563395922,0.937478,65.19134199,4.2162526354002,106.500293742,24.0655669977331,2.2043399810791,12.168756631767161,-5.23734118675006,46.6655502926414,14.9075538453678,419.126539339922,47.2,60.1,971000000.0,3.1738249329934,5.26289657273074,2014
Pakistan,1309.70080446386,35.613,20.8910295084645,23.7075945934908,32.1165109008871,8.89682579040527,1.62722414834854,68.0022353154745,9.0,89.3,7.69215611899565,30.8902750190393,0.515353849332245,14.4059591371388,5.65574753329438,10.2598060033349,14.2470556909544,51.878053333919,56.0,65.129,4.125,70.2436408942136,74.6202486526627,6.61801333718819,0.771343,62.20843608,4.2862667098525,111.5658689962,23.6472992120207,2.23698997497559,12.168756631767161,-5.23734118675006,46.6987110926231,14.9823800777456,414.845073891581,48.1,59.17,938000000.0,3.12219152548015,4.97994968735833,2013
Pakistan,1275.48806898966,35.408,21.9583720724829,23.3861955340345,31.2602005004883,8.49672698974609,1.90619981284679,68.1684204744281,8.1,88.6,9.68235186055684,31.3189707698136,0.343453048660945,15.1977662090047,5.60040378648877,10.09929489639,13.7257179758837,51.5898687341456,57.0,64.883,4.204,70.7852546541412,74.7398435909083,6.57142311648024,0.730404,59.42025439,3.27593378279305,106.5780795068,25.9068400477172,1.97879004478455,12.168756631767161,-5.23734118675006,46.1863468466881,15.1689851833729,385.848265583683,47.2,59.27,1014000000.0,3.23197552113215,6.03701697524052,2012
Pakistan,1261.83161907857,35.202,21.1864809532945,23.819642978628,30.3576824820896,7.46075391769409,2.23690940334662,68.4913538432453,8.0,87.8,11.9160927116277,32.3626382751438,0.575055145839944,16.7900431014259,5.31817590756805,10.2265870455208,15.1260310650053,51.8065797217263,55.0,64.659,4.305,71.0259884181485,75.0100380395422,6.51868419629694,0.572429,54.83032062,-1.7109984014482,110.6045610186,28.6015042190889,2.00100994110107,12.168756631767161,-5.23734118675006,44.5540838769731,14.6316230820464,389.259051457018,46.8,59.39,1127000000.0,3.58540387490854,5.75098513498001,2011
Pakistan,1256.69482201323,34.997,20.9650197800876,22.6888101741789,29.8961453275523,5.249316916746248,2.47081701538021,69.0568535451311,8.0,87.1,12.9388705634889,31.9889982054491,1.02791108080423,19.2854383363833,4.92604271661375,10.9187567384172,14.590404710658,52.5995937357421,55.0,64.378,4.398,74.5181025649786,75.5364234270318,6.47956988190071,0.396251,51.00722535,3.12315587247781,110.3425339692,32.820003146751,2.05268001556396,12.168756631767161,-5.23734118675006,47.2954352374351,15.9615525805041,398.205076738798,47.4,60.09,998000000.0,3.55717137154263,6.98898196780247,2010
Pakistan,1269.07432116444,34.793,20.3372467582902,21.7869229749534,29.5907192230225,6.09046983718872,2.5412831091032,69.8673775428631,7.5,82.5,13.6477650639761,33.3268855863775,1.24801305527951,20.3957768107607,4.65309230234024,11.5288240714569,13.3309410335783,53.4051714905599,55.0,64.206,4.465,74.1731033325195,76.3243708555709,6.45699331270779,0.20148,49.62151862,1.92469935448866,102.5497883789,31.159653742874,2.17916011810303,12.168756631767161,-5.23734118675006,46.339153856902,17.577731282158,394.332579260828,46.4,60.82,950000000.0,4.25760767265719,5.64351183320305,2009
Pakistan,1258.05188934452,34.59,21.1955484525846,20.351365282755,29.6895599365234,4.97444009780884,2.67715693120755,70.8609380207947,7.0,81.4,20.2861210929554,34.3489604181778,2.68936656124595,24.1685851810671,3.48114218915231,10.5820947880328,10.9662897739731,56.2192386662406,56.0,64.002,4.515,73.9127197265625,77.3059146807243,6.4449766599296,0.088698,47.3397604,1.81694696282903,111.3628861865,25.3102850589533,2.27263998985291,12.168756631767161,-5.23734118675006,45.8138779202502,17.9964211904041,382.307858084803,46.6,61.46,986000000.0,3.87084110315046,6.94645875675996,2008
Pakistan,1265.35567539842,34.387,19.9449553163591,19.9379514329097,29.4775695800781,5.02788019180298,2.6420312522935,72.1645411036708,6.8,80.2,7.59868441050774,30.7878804460736,3.03571933817685,23.0416390892532,3.25728883548923,10.4024955023166,14.0722627059191,55.6028992421704,52.0,63.807,4.554,74.2201995849609,78.616390172067,6.45184906839616,0.0244741,34.55098392,1.30244855391589,110.145268357,23.5958874143371,2.23465991020203,12.168756631767161,-5.23734118675006,48.7159412383176,17.5359418391763,417.999075532478,44.9,62.29,912000000.0,4.15565478902761,6.88331710400566,2007
Pakistan,1243.94142602543,34.184,20.199119664936,20.4183460540925,27.5696792602539,4.45320987701416,2.3820052866049,73.6338102103719,6.5,79.1,7.92108440058789,33.0497121425934,2.63975006245443,22.7683134071852,3.16362276382615,11.5685913146856,15.4418552309599,54.2181198042166,54.0,63.624,4.589,69.8638076782227,80.100024981889,6.46621477151715,0.01481,19.37808733,4.70752170437756,108.0179937093,23.6950181138025,1.98055994510651,12.168756631767161,-5.23734118675006,47.8020865795712,18.2822175766145,425.59469696274,47.0,60.79,919000000.0,4.47419668938656,7.39846635805155,2006
Pakistan,1201.23359367214,33.982,19.9330293059047,21.5745096992331,22.8122806549072,4.37540006637573,2.40377350441569,75.0258464424121,6.33,78.1,9.06332737030417,29.8784979997418,1.51575083116461,21.6016814942981,2.94748457854817,9.1609556235992,15.5008549659382,53.756287210192,50.0,62.416,4.595,73.1828079223633,81.4989219399268,6.47307549751466,0.00832131,7.324109273,3.33053751114992,104.937144662,24.210552615942,1.67058002948761,12.168756631767161,-5.23734118675006,37.6011583909744,16.2664496448573,406.199460172892,48.0,59.94,828000000.0,4.33394399371892,7.75160897573321,2005
Pakistan,1146.99632842666,33.781,18.9071452885794,22.0018900085347,21.9085197448731,3.0025999546051,2.4680911760913,76.5169447450774,6.16,77.0,7.44462469342739,24.8083408689766,0.845585701616171,21.2947003364719,2.98375276643631,9.68678666393757,17.7113344796996,53.6616637238921,52.666666666666664,63.097,4.685,69.646858215332,83.0037628777389,6.48681813266159,0.673809245,2.9434214,0.0057407354215582,87.8605389898,28.4088516196786,1.44337999820709,12.168756631767161,-5.23734118675006,36.5879118313579,15.6507804875207,377.7366509814,47.9,59.83,765000000.0,4.77319225482482,6.1339074203615,2004
Pakistan,1090.27523993746,33.58,17.3885833649452,22.1519373367714,19.9118404388428,2.38838005065918,2.35391613887513,77.9390736728719,5.04,76.0,2.91413470059479,24.6501661217502,0.475207711805665,18.2215997820452,3.52757185317913,9.73121677110963,18.5722877178747,54.9424968082035,52.666666666666664,62.834,4.894,65.7692565917969,84.4400864362812,6.50101276340935,0.673809245,1.440824446,2.7924294569074086,83.8321680467,33.6209986126639,2.201896989599187,12.168756631767161,-5.23734118675006,35.5893433024332,15.314869932058,362.227934698535,50.1,58.04,620000000.0,4.19627749576988,5.49158574822614,2003
Pakistan,1059.04171024589,33.38,17.1588876671988,22.7026275435674,24.41485435179018,5.249316916746248,2.45080308981688,79.0421744301311,2.58,74.9,3.29034472613153,23.1290205978884,0.843517300073237,16.004100784123,3.62937104656209,9.6285694166749,18.6780258065995,54.8446407777793,52.666666666666664,62.556,5.012,63.8420181274414,85.5449528888916,6.5027784587605,0.673809245,1.040369219,2.7924294569074086,74.6207896479,35.8988355617632,2.201896989599187,12.168756631767161,-5.23734118675006,32.9585711899888,14.9624128676958,341.012931981598,51.4,57.62,562000000.0,4.62247080111861,4.61892100270127,2002
Pakistan,1057.86767778646,33.18,17.5934942779914,24.1449605032819,24.41485435179018,5.249316916746248,2.79615830892104,80.069826417386,1.32,73.9,3.14826144590618,23.5772088443194,0.38910658649849,16.2084602957166,1.50392783829178,8.65570653037113,17.0432716115839,52.9646825407125,52.666666666666664,62.241,5.182,63.471809387207,86.5773622162083,6.50753579882232,0.673809245,0.46640912,2.7924294569074086,66.5526557815,34.0766802397019,2.201896989599187,12.168756631767161,-5.23734118675006,29.8765629925912,15.9969082232341,336.232153182879,51.5,58.16,533000000.0,5.09024925986057,3.7356291068863,2001
Pakistan,1049.54229686852,32.982,17.1836347813683,25.3871360412975,24.41485435179018,5.249316916746248,2.82475983542412,81.2933120462025,8.091425464285715,72.8,4.36666451291681,21.4599693284272,0.309595026317044,16.603618282266,1.08056705613903,9.9160206648119,16.2630705785265,52.0643007395217,52.666666666666664,61.903,5.352,63.4712295532227,87.8265663645158,6.5332543183133,0.673809245,0.198544504,2.7924294569074086,58.991265558,33.9710548459949,1.83782005310059,7.49968677287633,-3.03765524389141,28.6895037123433,16.3106957674618,333.072641867358,51.0,58.9,551000000.0,5.51165349604882,3.48796993935112,2000
Pakistan,1035.49888206288,32.783,22.103173212169,25.169285514224,24.41485435179018,5.249316916746248,2.7219371038823,82.3911848954801,0.0554,70.2653503417969,4.14263718082171,32.3199628094266,0.84479500663461,25.4743176424825,1.58160869663171,10.360099905424,16.702325876274,45.8381645117937,52.666666666666664,61.54,5.462,62.566129870414855,88.9480257631773,6.55684086769726,0.673809245,0.177437426,2.7924294569074086,50.4965646115,55.8973548441628,2.61149001121521,13.1653200625243,-5.53961895317112,44.8202563386139,15.5649424393518,320.306042205174,50.2,59.2,492000000.0,5.50027948574623,5.35936681840566,1999
Pakistan,1026.50033720969,32.585,22.0530195066132,25.3031382672009,24.41485435179018,5.249316916746248,2.76128567260809,83.3040769743468,0.0439,70.46,6.22800415424543,34.011725180531,0.813610045502484,25.1139429411396,1.88448808958283,11.2641056207369,17.3672619559794,45.2951760793769,43.0,61.134,5.507,62.566129870414855,89.8748985312392,6.57082155689237,0.673809245,0.134796019,2.7924294569074086,47.4358062844,53.9824165592375,2.201896989599187,12.8290938044319,-5.63881245387757,47.1502313964154,17.7111996462578,310.730739273671,51.6,57.44,556000000.0,6.07318405243037,5.66150389370405,1998
Pakistan,1028.99804758369,32.348,21.5572792952471,24.4842507882018,24.41485435179018,5.249316916746248,2.82827034753681,84.1788010552999,0.0275,84.26901401367188,11.3754928865122,36.8522661008964,1.14722858022912,24.64621514863,2.73456924126094,11.8935705131795,16.0408407539967,45.65097071546,52.666666666666664,60.623,5.642,62.566129870414855,90.7652198383735,6.58641878307357,0.673809245,0.095540045,2.7924294569074086,49.529270625,49.9528667221752,3.02230000495911,12.742472960641,-6.73327809606014,48.2032374752503,17.9191965447603,328.754696741227,51.9,57.52,618000000.0,6.19493257605034,6.86081904912427,1997
Pakistan,1047.88663514614,32.092,21.9943844205166,23.1957958147755,24.41485435179018,5.249316916746248,2.9106898704011,84.9013324898397,0.00299,84.26901401367188,10.3738085885002,38.3301268339895,1.45605449462756,24.6939754444567,2.02786922311198,12.645100187579,15.6069988452591,45.8349861072658,52.666666666666664,60.466,5.771,62.566129870414855,91.5013917796717,6.60005928983198,0.673809245,0.0495778,2.7924294569074086,53.4256785436,48.6543883054202,2.81057000160217,12.168756631767161,-5.23734118675006,46.0412900268044,18.9966573482447,326.731741742963,52.2,57.41,590000000.0,5.60650782559409,8.64655383032471,1996
Pakistan,1028.96592446155,31.836,21.3232921847751,23.4218793711634,24.41485435179018,5.249316916746248,2.89031173222832,85.3974995300534,0.000123,84.26901401367188,12.3435785170513,36.132753673519,1.19175194004056,24.2071211979922,2.82376378951299,11.7435241130122,17.1129912437058,44.8607712433853,52.666666666666664,60.273,5.894,62.566129870414855,92.0050933998263,6.60759386977291,0.673809245,0.030772819,2.7924294569074086,44.2532142522,51.3861035348749,2.79531002044678,12.168756631767161,-5.23734118675006,43.5708459410415,18.5455233391321,326.670114520969,53.1,55.83,582000000.0,5.69828342207814,7.9074859857029,1995
Pakistan,1009.06429520182,31.582,22.3704577657958,22.7528245238533,24.41485435179018,5.249316916746248,2.89269657804833,85.5154118599408,8.091425464285715,84.26901401367188,12.3681943936948,35.0577237131595,0.805118941060127,23.8230064643185,3.34511569570683,12.0210006121682,19.1127768372814,44.6905054170213,52.666666666666664,60.197,6.008,62.566129870414855,92.1153641235323,6.59995226359149,0.673809245,0.019081569,2.7924294569074086,49.6156554876,54.042965832735,2.58930993080139,12.168756631767161,-5.23734118675006,45.4102957414578,19.3974052458304,316.364103020922,54.2,55.05,795538461.5384616,4.187726376739467,8.18876078141547,1994
Pakistan,1001.25854820003,31.329,22.5926839685189,22.1979399670103,24.41485435179018,5.249316916746248,2.7725055318492,85.3542839704335,8.091425464285715,84.26901401367188,9.97366476029209,38.4993168752315,0.672760011900901,24.395045127975,2.79150186847426,13.0199928594269,16.1269814379235,44.6624961147978,52.666666666666664,60.083,6.112,62.566129870414855,91.9353108787057,6.58102690827223,0.673809245,0.01274427,2.7924294569074086,48.5572764033,48.811172981807,2.38644003868103,12.168756631767161,-5.23734118675006,45.3647021643092,20.6850030820741,307.817382974069,54.1,54.89,795538461.5384616,4.187726376739467,8.12918363560265,1993
Pakistan,1011.6250844611,31.077,22.644989000194,23.3100129190967,26.3336696624756,2.00996994972229,2.86254207102062,84.7819248910991,8.091425464285715,84.26901401367188,9.5090414619015,37.6945397210631,0.688313624140135,23.4968238834062,3.2190438358492,12.8420774567953,21.4664805173269,43.0293424468687,52.666666666666664,59.983,6.207,62.566129870414855,91.3237120318044,6.54178714070526,0.673809245,0.011031649,2.7924294569074086,51.9669094348,52.3428163768173,2.54967999458313,12.168756631767161,-5.23734118675006,42.5300049117333,20.1334835745861,307.405657164155,56.0,53.58,795538461.5384616,4.187726376739467,8.67944647308699,1992
Pakistan,966.522495703734,30.826,22.9309229864785,22.8424456202234,23.7177505493164,5.249316916746248,3.30645345087216,84.106203154176,8.091425464285715,84.26901401367188,11.7912703351416,35.4196551048403,0.566383737278734,22.2370174407211,3.39438232501182,14.2636684303351,21.3639551720402,43.2305506564766,52.666666666666664,59.864,6.291,62.566129870414855,90.6055379024562,6.49933474828017,0.673809245,0.007130659,2.7924294569074086,44.9009900539,52.5531870657114,2.56676006317139,12.168756631767161,-5.23734118675006,39.041064079953,18.8964334705075,274.211966266381,58.1,52.39,795538461.5384616,4.187726376739467,8.42749659243497,1991
Pakistan,950.884644833285,30.576,22.3442448854655,23.0670733915693,20.7386207580566,2.92652988433838,3.34304854189447,83.8694127061706,0.0,84.26901401367188,9.05213155279776,35.034575900498,0.612997661913938,24.1573329065136,5.01436068130985,15.1367556017165,18.0297496461203,43.3622332328204,52.666666666666664,59.728,6.364,52.80419921875,90.3524722641165,6.48305955794592,0.673809245,0.001732891,2.7924294569074086,36.5180726653,52.9314616498754,2.51680994033813,12.168756631767161,-5.23734118675006,39.1371037557407,18.9353730330174,257.112064942969,57.5,52.86,795538461.5384616,4.187726376739467,8.75310428519107,1990
Pakistan,941.244309440788,30.327,21.2080624102787,23.9136337358476,20.1443004608154,5.249316916746248,3.26806216038551,83.5738488480432,8.091425464285715,84.26901401367188,7.84426473740044,34.4216591208777,0.524257200329788,24.9128607525869,5.02178391102508,16.7849092881409,17.232679131441,43.6269154070504,52.666666666666664,59.528,6.425,53.0443305969238,90.0358993217998,6.46205047375659,0.673809245,0.0,2.7924294569074086,31.7227656642,46.7088326720846,2.36382007598877,13.7080461711346,-5.23734118675006,38.9809612274195,18.9114576905339,391.40825368709847,48.928124999999994,59.443939393939395,795538461.5384616,4.187726376739467,7.21790710202758,1989
Pakistan,926.557789336634,30.08,21.6952008398123,23.1533234920912,19.4664402008057,3.18139004707336,3.36148582370259,83.090514620187,8.091425464285715,84.26901401367188,8.83793701817773,33.2842258313357,0.484736838916137,26.3685964681095,4.86567402102492,15.5101726560545,17.3940456378718,44.1409321146776,52.666666666666664,59.36,6.476,53.4772796630859,89.5185026194753,6.42798799928833,0.673809245,0.0,2.7924294569074086,28.9692726408,45.3392306726675,2.201896989599187,13.1712242870405,-5.23734118675006,41.3654205206185,18.0142110694726,391.40825368709847,48.928124999999994,59.443939393939395,795538461.5384616,4.187726376739467,6.10666774659637,1988
Pakistan,890.342222772156,29.833,21.6301383980897,23.6354521301218,19.2109909057617,2.80859994888306,3.40943919604165,82.6661354620076,8.091425464285715,84.26901401367188,4.68121854620213,32.8971019024279,0.387921173050002,27.6435467501865,6.5380152677286,13.5344702600445,20.3967765238014,44.7693277832025,52.666666666666664,59.222,6.518,53.7716598510742,89.0604180319788,6.39428256997121,0.673809245,0.0,2.7924294569074086,26.2111394647,51.4427045175779,2.97745990753174,12.168756631767161,-5.23734118675006,45.3110594449753,19.1343263246337,391.40825368709847,48.928124999999994,59.443939393939395,795538461.5384616,4.187726376739467,6.77407280564428,1987
Pakistan,865.38378020321,29.588,21.1557298671414,25.032651030451,18.8718109130859,2.82945990562439,3.38057189066263,82.2705424858478,8.091425464285715,84.26901401367188,3.50641424758205,32.4067307767058,0.33145270892202,29.7860774451346,7.66914898371919,12.7614997706654,18.895094514271,44.4413564170936,52.666666666666664,59.167,6.554,52.1590805053711,88.6277391667405,6.35719668089263,0.673809245,0.0,2.7924294569074086,22.3324296396,47.8458299603713,2.67812991142273,13.4730201425762,-5.23734118675006,43.3097066849098,18.7636531838642,391.40825368709847,48.928124999999994,59.443939393939395,795538461.5384616,4.187726376739467,6.36774357028541,1986
Pakistan,848.459508815423,29.344,20.2297117272433,25.6891245920319,18.7081909179688,5.249316916746248,3.1692834201536,81.8337250161767,8.091425464285715,84.26901401367188,5.61483921793224,33.1707461712947,0.421864139271513,27.7821783855794,8.14608758096142,12.09894166559,14.596717431294,44.1071507994163,52.666666666666664,59.075,6.585,52.1836700439453,88.1450659406049,6.3113409244282,0.673809245,0.0,2.7924294569074086,21.0615291707,43.9505623754253,2.43543004989624,12.3295852862501,-5.23734118675006,40.6612842762047,18.3254722475787,391.40825368709847,48.928124999999994,59.443939393939395,795538461.5384616,4.187726376739467,6.52680455857684,1985
Pakistan,813.98181157513,29.101,20.2435910262457,24.9045978818586,17.8578701019287,5.249316916746248,3.13509160725294,81.1332652932397,8.091425464285715,84.26901401367188,6.08716673573716,33.3626328602532,0.1781923494967,24.2180599425443,8.28460491566596,12.0868885808071,17.0506600587067,44.0245639611055,52.666666666666664,58.921,6.615,50.7413215637207,87.3779148345794,6.24464954133975,0.673809245,0.0,2.7924294569074086,17.2329321366,39.8212014053784,2.06984996795654,13.2683979590378,-5.23734118675006,39.8550507143844,18.2707562136436,391.40825368709847,48.928124999999994,59.443939393939395,795538461.5384616,4.187726376739467,6.05681477546825,1984
Pakistan,799.413201289567,28.859,19.8942333288509,27.2732012942284,17.0569305419922,5.249316916746248,3.46220072057645,80.4016561532814,8.091425464285715,84.26901401367188,6.362033499853,34.6919621171996,0.102666735817458,26.3762702840661,10.2476344855881,11.4180802278896,18.8686157819096,42.9598201911704,52.666666666666664,58.663,6.644,50.5874481201172,86.5734749859611,6.17181883267974,0.673809245,0.0,2.7924294569074086,21.6157397224,42.5421693725892,1.99576997756958,12.7883266966165,-5.23734118675006,43.87686717693,18.7882663212464,391.40825368709847,48.928124999999994,59.443939393939395,795538461.5384616,4.187726376739467,6.14056545958852,1983
Pakistan,775.040043703995,28.619,20.0580579283623,28.447767916362,16.2279796600342,5.249316916746248,3.75957440174228,80.1075701498468,8.091425464285715,84.26901401367188,5.90352878435863,31.3222832005281,0.207749628001959,24.7028464426408,8.42323757480126,10.3412214376278,17.620499690649,41.620624446645,52.666666666666664,58.291,6.674,48.6079406738281,86.2282607132429,6.12069056339616,0.673809245,0.0,2.7924294569074086,16.3129207527,38.4953989938768,2.01366996765137,12.6786546108546,-5.23734118675006,40.792481467428,19.26431164953,391.40825368709847,48.928124999999994,59.443939393939395,795538461.5384616,4.187726376739467,5.70851048286261,1982
Pakistan,755.351886399493,28.38,20.1343656990036,27.4622927720025,16.0475292205811,5.249316916746248,4.17810201190455,80.2668242985089,8.091425464285715,84.26901401367188,11.8799135925283,35.1680110425743,0.384634937305679,24.0395260895196,7.35609811952724,10.1640569957871,17.46949538417,41.4883751024458,26.0,57.764,6.704,47.9244613647461,86.3582298727762,6.09140557426731,0.673809245,0.0,2.7924294569074086,17.9389008456,38.0077301485561,1.97245001792908,13.5343426936405,-5.23734118675006,39.0147953241599,18.7662655106472,391.40825368709847,48.928124999999994,59.443939393939395,795538461.5384616,4.187726376739467,5.57196977723196,1981
Pakistan,729.775997454804,28.066,22.3051597282421,26.5455057883072,15.9938802719116,2.01178002357483,4.08514964566703,81.1445751455885,8.091425464285715,84.26901401367188,11.9382309107087,35.8968993803885,0.269010726210538,23.4420251175383,8.6563962295082,10.0500044837496,16.4222340322408,40.9323637046874,52.666666666666664,57.199,6.734,47.1800193786621,87.2404618832674,6.09588673767883,0.673809245,0.0,2.7924294569074086,16.940035424,42.4913054239135,2.13094997406006,13.3500441969604,-5.23734118675006,41.5586367693089,17.6685356073773,391.40825368709847,48.928124999999994,59.443939393939395,795538461.5384616,4.187726376739467,6.46569640190242,1980
Pakistan,689.743593740588,27.715,21.4821845419798,27.7798014519149,15.4925498962402,2.06703996658325,3.46407267837998,82.1992557767613,8.091425464285715,84.26901401367188,8.26704697617572,32.8645819972809,0.29588069717029,24.8379037016135,7.62691764507606,10.4348049149629,14.0959925190952,41.9798373650053,52.666666666666664,56.614,6.761,47.898380279541,88.292857948665,6.09360217190367,0.673809245,0.0,2.7924294569074086,71.23624288555952,45.8442630880316,2.19807004928589,12.2838160223687,-5.23734118675006,43.1559910730318,17.1125875381577,391.40825368709847,48.928124999999994,59.443939393939395,795538461.5384616,4.187726376739467,6.79752396094881,1979
Pakistan,688.190284180422,27.368,20.6426440731793,28.6768291991335,16.7520809173584,2.08587002754211,3.20320937214696,82.6933926167492,8.091425464285715,84.26901401367188,6.13869266742743,27.9180418977622,0.181192853254975,22.2704072952465,7.3508457077478,10.8407907720576,15.535363118842,41.3266868556263,52.666666666666664,56.072,6.783,48.1648597717285,88.7396426151106,6.04624999836136,0.673809245,0.0,2.7924294569074086,71.23624288555952,47.2442836492745,2.20418000221252,11.5417333015754,-5.23734118675006,40.0543287170937,16.9904839679245,391.40825368709847,48.928124999999994,59.443939393939395,795538461.5384616,4.187726376739467,5.73492474217396,1978
Pakistan,657.659383934214,27.023,20.7675561610172,29.3613270294094,16.7152805328369,1.95977997779846,3.13596391872731,82.9647769466901,8.091425464285715,84.26901401367188,10.1329676874055,27.200363276972,0.100642225435154,23.4066565162807,5.76545758748698,11.1614178486524,15.3056103106036,40.6783396105457,52.666666666666664,55.482,6.799,54.5155296325684,88.9482889442391,5.983511997549,0.673809245,0.0,2.7924294569074086,71.23624288555952,50.6123690618209,2.14983010292053,11.0218500414029,-5.23734118675006,39.3562518364185,18.3114298688463,391.40825368709847,48.928124999999994,59.443939393939395,795538461.5384616,4.187726376739467,5.32867036270665,1977
Pakistan,652.838055213587,26.681,20.8892025405787,29.4084256389801,16.6267395019531,1.96484994888306,3.06099476757709,83.2096084461899,8.091425464285715,84.26901401367188,7.15832373118465,28.9458746279648,0.0624277014069093,22.2154122303703,3.12678016258323,11.0022705654935,13.127450741923,41.5498143659292,52.666666666666664,55.069,6.808,52.9504890441895,89.1258463793923,5.91623793320248,0.673809245,0.0,2.7924294569074086,71.23624288555952,52.2298365806886,2.23794007301331,11.0329538829738,-5.23734118675006,38.3290632383173,17.4664784756528,391.40825368709847,48.928124999999994,59.443939393939395,795538461.5384616,4.187726376739467,5.46357994164913,1976
Pakistan,640.124357568775,26.341,20.6362483473193,30.1601863594254,16.6953392028809,1.84702003002167,2.98931944120814,83.374531930804,8.091425464285715,84.26901401367188,20.9045094573998,32.3880449349271,0.222605973934864,19.3425253860752,5.1742382520854155,10.7480460142288,15.884422425054462,42.3446030418319,52.666666666666664,54.722,6.812,51.6937599182129,89.2180959941713,5.84356406336732,0.673809245,0.0,2.7924294569074086,71.23624288555952,51.6633926447964,1.98008000850677,10.9477168272128,-5.23734118675006,33.9958446884865,16.385598517759,391.40825368709847,48.928124999999994,59.443939393939395,795538461.5384616,4.187726376739467,6.1515970424235515,1975
Pakistan,632.894770036852,26.005,20.991577943747,31.8766883839186,15.8375701904297,1.88038003444672,2.94062916480139,83.4197607444106,8.091425464285715,84.26901401367188,26.6630348537488,30.8301741163651,0.0449479012962248,20.286145603959,5.1742382520854155,9.69217497900161,15.884422425054462,39.853805815986,52.666666666666664,54.266,6.811,51.0938491821289,89.1858564816686,5.76609573725798,0.673809245,21.074418559163266,2.7924294569074086,71.23624288555952,58.0281342712355,1.88065004348755,11.706885201244,-5.23734118675006,35.3934076411432,13.1824476175342,391.40825368709847,48.928124999999994,59.443939393939395,795538461.5384616,4.187726376739467,6.1515970424235515,1974
Pakistan,629.496808036671,25.671,20.1534996740354,32.4586617673206,15.5555696487427,1.89619994163513,2.91192871794029,83.3422631286255,8.091425464285715,84.26901401367188,23.0700840250844,28.9797309310733,-0.0626622414508386,26.2900788241569,5.1742382520854155,11.444319326735,15.884422425054462,38.3823267942867,52.666666666666664,54.09,6.808,48.6000099182129,89.0255342479234,5.68327111929794,0.673809245,21.074418559163266,2.7924294569074086,71.23624288555952,72.4354099715352,1.83042001724243,10.3019617139809,-5.23734118675006,46.7643572571564,12.8118888164523,391.40825368709847,48.928124999999994,59.443939393939395,795538461.5384616,4.187726376739467,6.1515970424235515,1973
Pakistan,605.334383311172,25.353,19.9074497466757,32.8022972948256,15.1006002426147,1.924880027771,2.76710611631107,83.1448595985031,8.091425464285715,84.26901401367188,5.18323764549138,15.8213377718435,0.180562617745505,28.7728860680775,5.1742382520854155,11.8486272931794,15.884422425054462,38.347996268725,52.666666666666664,53.824,6.805,46.1464614868164,88.7370094356937,5.5921498371906,0.673809245,21.074418559163266,2.7924294569074086,71.23624288555952,43.8789685781123,1.56881999969482,12.168756631767161,-5.23734118675006,50.7274157262268,14.0160591151025,391.40825368709847,48.928124999999994,59.443939393939395,795538461.5384616,4.187726376739467,6.1515970424235515,1972
Pakistan,617.297392498723,25.084,21.1198834439172,31.9662932409285,15.09202003479,2.1968400478363,2.75587700704686,82.8082207713708,8.091425464285715,84.26901401367188,4.73069148232272,18.202043669154,0.00937567679313264,25.1123230493591,5.1742382520854155,10.3758539898801,15.884422425054462,37.4928629087831,52.666666666666664,49.002,6.802,45.9906387329102,88.3123938670614,5.50417309569055,0.673809245,21.074418559163266,2.7924294569074086,71.23624288555952,35.8007021617557,1.65421998500824,12.168756631767161,-5.23734118675006,46.4844165304877,15.5381858990766,391.40825368709847,48.928124999999994,59.443939393939395,795538461.5384616,4.187726376739467,6.1515970424235515,1971
Pakistan,631.587748383334,24.817,20.2655441770853,33.4317605914012,24.41485435179018,5.249316916746248,2.87605370916423,82.3573980313808,8.091425464285715,84.26901401367188,5.34984090983017,17.9661158928609,0.229369018449875,25.448472283303,5.1742382520854155,10.1484785658939,15.884422425054462,37.0798517308538,52.666666666666664,52.943,6.801,62.566129870414855,87.7599428869068,5.40254485552602,0.673809245,0.0,2.7924294569074086,71.23624288555952,34.2954513272245,2.201896989599187,12.168756631767161,-5.23734118675006,43.4589851521434,15.7923394274465,391.40825368709847,48.928124999999994,59.443939393939395,795538461.5384616,4.187726376739467,6.1515970424235515,1970
